Position,First Name,Last Name,Team,Salary,Game
QB,Josh,Johnson,WAS,4000,WAS@GB
QB,Marcus,Mariota,WAS,4000,WAS@GB
QB,Jayden,Daniels,WAS,7800,WAS@GB
QB,Jordan,Love,GB,4200,WAS@GB
QB,Malik,Willis,GB,4000,WAS@GB
QB,Matthew,Stafford,LA,4800,LA@TEN
QB,Jimmy,Garoppolo,LA,4400,LA@TEN
QB,Stetson,Bennett IV,LA,4000,LA@TEN
QB,Brandon,Allen,TEN,4000,LA@TEN
QB,Cam,Ward,TEN,4000,LA@TEN
QB,Sam,Darnold,SEA,5000,SEA@PIT
QB,Drew,Lock,SEA,4000,SEA@PIT
QB,Jalen,Milroe,SEA,4000,SEA@PIT
QB,Mason,Rudolph,PIT,4000,SEA@PIT
QB,Skylar,Thompson,PIT,4000,SEA@PIT
QB,Aaron,Rodgers,PIT,5000,SEA@PIT
QB,Mitchell,Trubisky,BUF,4000,BUF@NYJ
QB,Josh,Allen,BUF,8200,BUF@NYJ
QB,Tyrod,Taylor,NYJ,4000,BUF@NYJ
QB,Justin,Fields,NYJ,4600,BUF@NYJ
QB,Case,Keenum,CHI,4000,CHI@DET
QB,Tyson,Bagent,CHI,4000,CHI@DET
QB,Caleb,Williams,CHI,4800,CHI@DET
QB,Jared,Goff,DET,5800,CHI@DET
QB,Kyle,Allen,DET,4000,CHI@DET
QB,Russell,Wilson,NYG,4800,NYG@DAL
QB,Jameis,Winston,NYG,4000,NYG@DAL
QB,Dak,Prescott,DAL,4800,NYG@DAL
QB,Joe,Milton III,DAL,4000,NYG@DAL
QB,Jaxson,Dart,NYG,4000,NYG@DAL
QB,Joe,Flacco,CLE,4600,CLE@BAL
QB,Deshaun,Watson,CLE,4000,CLE@BAL
QB,Cooper,Rush,BAL,4000,CLE@BAL
QB,Lamar,Jackson,BAL,7800,CLE@BAL
QB,Shedeur,Sanders,CLE,4000,CLE@BAL
QB,Dillon,Gabriel,CLE,4000,CLE@BAL
QB,Mac,Jones,SF,4000,SF@NO
QB,Brock,Purdy,SF,6200,SF@NO
QB,Spencer,Rattler,NO,4000,SF@NO
QB,Tyler,Shough,NO,4000,SF@NO
QB,Joshua,Dobbs,NE,4000,NE@MIA
QB,Drake,Maye,NE,4800,NE@MIA
QB,Tua,Tagovailoa,MIA,5000,NE@MIA
QB,Zach,Wilson,MIA,4000,NE@MIA
QB,Quinn,Ewers,MIA,4000,NE@MIA
QB,Tommy,DeVito,NE,4000,NE@MIA
QB,Nick,Mullens,JAC,4000,JAC@CIN
QB,Trevor,Lawrence,JAC,5000,JAC@CIN
QB,Jake,Browning,CIN,4000,JAC@CIN
QB,Joe,Burrow,CIN,7000,JAC@CIN
QB,Andy,Dalton,CAR,4000,CAR@ARI
QB,Bryce,Young,CAR,5800,CAR@ARI
QB,Jacoby,Brissett,ARI,4000,CAR@ARI
QB,Kyler,Murray,ARI,6600,CAR@ARI
QB,Jarrett,Stidham,DEN,4000,DEN@IND
QB,Bo,Nix,DEN,6200,DEN@IND
QB,Daniel,Jones,IND,5400,DEN@IND
QB,Anthony,Richardson Sr.,IND,4000,DEN@IND
QB,Riley,Leonard,IND,4000,DEN@IND
QB,Sam,Ehlinger,DEN,4000,DEN@IND
QB,Jalen,Hurts,PHI,7400,PHI@KC
QB,Tanner,McKee,PHI,4000,PHI@KC
QB,Patrick,Mahomes,KC,6800,PHI@KC
QB,Gardner,Minshew,KC,4000,PHI@KC
QB,Sam,Howell,PHI,4000,PHI@KC
QB,Kirk,Cousins,ATL,4000,ATL@MIN
QB,Michael,Penix Jr.,ATL,5000,ATL@MIN
QB,J.J.,McCarthy,MIN,4400,ATL@MIN
QB,Max,Brosmer,MIN,4000,ATL@MIN
QB,Carson,Wentz,MIN,4000,ATL@MIN
QB,Baker,Mayfield,TB,6600,TB@HOU
QB,Davis,Mills,HOU,4000,TB@HOU
QB,C.J.,Stroud,HOU,4600,TB@HOU
QB,Graham,Mertz,HOU,4000,TB@HOU
QB,Teddy,Bridgewater,TB,4000,TB@HOU
QB,Justin,Herbert,LAC,6200,LAC@LV
QB,Trey,Lance,LAC,4000,LAC@LV
QB,Geno,Smith,LV,5600,LAC@LV
QB,Kenny,Pickett,LV,4000,LAC@LV
RB,Jeremy,McNichols,WAS,2000,WAS@GB
RB,Austin,Ekeler,WAS,3400,WAS@GB
RB,Chris,Rodriguez Jr.,WAS,2000,WAS@GB
RB,Jacory,Croskey-Merritt,WAS,4800,WAS@GB
RB,Josh,Jacobs,GB,7000,WAS@GB
RB,Chris,Brooks,GB,2000,WAS@GB
RB,Emanuel,Wilson,GB,2000,WAS@GB
RB,Kyren,Williams,LA,6600,LA@TEN
RB,Blake,Corum,LA,2000,LA@TEN
RB,Tony,Pollard,TEN,4400,LA@TEN
RB,Julius,Chestnut,TEN,2000,LA@TEN
RB,Kalel,Mullings,TEN,2000,LA@TEN
RB,Jarquez,Hunter,LA,2000,LA@TEN
RB,Kenneth,Walker III,SEA,4800,SEA@PIT
RB,Zach,Charbonnet,SEA,3800,SEA@PIT
RB,Brady,Russell,SEA,2000,SEA@PIT
RB,George,Holani,SEA,2000,SEA@PIT
RB,Robbie,Ouzts,SEA,2000,SEA@PIT
RB,Kenneth,Gainwell,PIT,2000,SEA@PIT
RB,Jaylen,Warren,PIT,4200,SEA@PIT
RB,Kaleb,Johnson,PIT,2200,SEA@PIT
RB,Ty,Johnson,BUF,2000,BUF@NYJ
RB,Reggie,Gilliam,BUF,2000,BUF@NYJ
RB,James,Cook,BUF,7000,BUF@NYJ
RB,Ray,Davis,BUF,2200,BUF@NYJ
RB,Andrew,Beck,NYJ,2000,BUF@NYJ
RB,Kene,Nwangwu,NYJ,2000,BUF@NYJ
RB,Breece,Hall,NYJ,5800,BUF@NYJ
RB,Braelon,Allen,NYJ,2000,BUF@NYJ
RB,Isaiah,Davis,NYJ,2000,BUF@NYJ
RB,D'Andre,Swift,CHI,4400,CHI@DET
RB,Roschon,Johnson,CHI,2000,CHI@DET
RB,Kyle,Monangai,CHI,2000,CHI@DET
RB,David,Montgomery,DET,4800,CHI@DET
RB,Craig,Reynolds,DET,2000,CHI@DET
RB,Jahmyr,Gibbs,DET,9200,CHI@DET
RB,Sione,Vaki,DET,2000,CHI@DET
RB,Jacob,Saylors,DET,2000,CHI@DET
RB,Devin,Singletary,NYG,2000,NYG@DAL
RB,Eric,Gray,NYG,2000,NYG@DAL
RB,Tyrone,Tracy Jr.,NYG,4400,NYG@DAL
RB,Miles,Sanders,DAL,2400,NYG@DAL
RB,Javonte,Williams,DAL,4400,NYG@DAL
RB,Hunter,Luepke,DAL,2000,NYG@DAL
RB,Jaydon,Blue,DAL,2800,NYG@DAL
RB,Cam,Skattebo,NYG,2000,NYG@DAL
RB,Jerome,Ford,CLE,3400,CLE@BAL
RB,Dylan,Sampson,CLE,4200,CLE@BAL
RB,Derrick,Henry,BAL,9000,CLE@BAL
RB,Patrick,Ricard,BAL,2000,CLE@BAL
RB,Justice,Hill,BAL,2200,CLE@BAL
RB,Keaton,Mitchell,BAL,2000,CLE@BAL
RB,Rasheen,Ali,BAL,2000,CLE@BAL
RB,Raheim,Sanders,CLE,2000,CLE@BAL
RB,Quinshon,Judkins,CLE,2000,CLE@BAL
RB,Kyle,Juszczyk,SF,2000,SF@NO
RB,Christian,McCaffrey,SF,6200,SF@NO
RB,Isaac,Guerendo,SF,2000,SF@NO
RB,Jordan,James,SF,2000,SF@NO
RB,Alvin,Kamara,NO,6200,SF@NO
RB,Velus,Jones Jr.,NO,2000,SF@NO
RB,Kendre,Miller,NO,2000,SF@NO
RB,Devin,Neal,NO,2000,SF@NO
RB,Brian,Robinson Jr.,SF,3400,SF@NO
RB,Antonio,Gibson,NE,2000,NE@MIA
RB,Rhamondre,Stevenson,NE,3400,NE@MIA
RB,Jack,Westover,NE,2000,NE@MIA
RB,Alec,Ingold,MIA,2000,NE@MIA
RB,De'Von,Achane,MIA,6800,NE@MIA
RB,Jaylen,Wright,MIA,2000,NE@MIA
RB,Ollie,Gordon II,MIA,2000,NE@MIA
RB,TreVeyon,Henderson,NE,4200,NE@MIA
RB,Jeff,Wilson Jr.,MIA,2000,NE@MIA
RB,Travis,Etienne Jr.,JAC,3600,JAC@CIN
RB,Tank,Bigsby,PHI,2800,JAC@CIN
RB,LeQuint,Allen Jr.,JAC,2000,JAC@CIN
RB,Samaje,Perine,CIN,2000,JAC@CIN
RB,Chase,Brown,CIN,7000,JAC@CIN
RB,Tahj,Brooks,CIN,2000,JAC@CIN
RB,Bhayshul,Tuten,JAC,2000,JAC@CIN
RB,Cody,Schrader,JAC,2000,JAC@CIN
RB,Rico,Dowdle,CAR,3400,CAR@ARI
RB,Chuba,Hubbard,CAR,6400,CAR@ARI
RB,Jonathon,Brooks,CAR,2000,CAR@ARI
RB,Trevor,Etienne,CAR,2000,CAR@ARI
RB,James,Conner,ARI,7000,CAR@ARI
RB,Emari,Demercado,ARI,2000,CAR@ARI
RB,Trey,Benson,ARI,2400,CAR@ARI
RB,Bam,Knight,ARI,2000,CAR@ARI
RB,Tyler,Badie,DEN,2000,DEN@IND
RB,Jaleel,McLaughlin,DEN,2000,DEN@IND
RB,RJ,Harvey,DEN,4000,DEN@IND
RB,Jonathan,Taylor,IND,7600,DEN@IND
RB,Tyler,Goodson,IND,2000,DEN@IND
RB,DJ,Giddens,IND,2000,DEN@IND
RB,J.K.,Dobbins,DEN,4400,DEN@IND
RB,Ulysses,Bentley IV,IND,2000,DEN@IND
RB,Adam,Prentice,DEN,2000,DEN@IND
RB,Saquon,Barkley,PHI,8600,PHI@KC
RB,A.J.,Dillon,PHI,2000,PHI@KC
RB,Will,Shipley,PHI,2000,PHI@KC
RB,Kareem,Hunt,KC,2800,PHI@KC
RB,Elijah,Mitchell,KC,2000,PHI@KC
RB,Isiah,Pacheco,KC,3000,PHI@KC
RB,Brashard,Smith,KC,2000,PHI@KC
RB,Tyler,Allgeier,ATL,2200,ATL@MIN
RB,Bijan,Robinson,ATL,8800,ATL@MIN
RB,Nathan,Carter,ATL,2000,ATL@MIN
RB,Aaron,Jones Sr.,MIN,5000,ATL@MIN
RB,Ty,Chandler,MIN,2000,ATL@MIN
RB,Jordan,Mason,MIN,3200,ATL@MIN
RB,Zavier,Scott,MIN,2000,ATL@MIN
RB,Carlos,Washington Jr.,ATL,2000,ATL@MIN
RB,Rachaad,White,TB,2600,TB@HOU
RB,Sean,Tucker,TB,2000,TB@HOU
RB,Bucky,Irving,TB,7200,TB@HOU
RB,Josh,Williams,TB,2000,TB@HOU
RB,Dare,Ogunbowale,HOU,2000,TB@HOU
RB,Dameon,Pierce,HOU,2000,TB@HOU
RB,British,Brooks,HOU,2000,TB@HOU
RB,Woody,Marks,HOU,2000,TB@HOU
RB,Nick,Chubb,HOU,3200,TB@HOU
RB,Jakob,Johnson,HOU,2000,TB@HOU
RB,Najee,Harris,LAC,3200,LAC@LV
RB,Hassan,Haskins,LAC,2000,LAC@LV
RB,Scott,Matlock,LAC,2000,LAC@LV
RB,Raheem,Mostert,LV,2000,LAC@LV
RB,Zamir,White,LV,2000,LAC@LV
RB,Dylan,Laube,LV,2000,LAC@LV
RB,Ashton,Jeanty,LV,6000,LAC@LV
RB,Omarion,Hampton,LAC,4200,LAC@LV
TE,Zach,Ertz,WAS,3400,WAS@GB
TE,John,Bates,WAS,2000,WAS@GB
TE,Ben,Sinnott,WAS,2000,WAS@GB
TE,Colson,Yankoff,WAS,2000,WAS@GB
TE,John,FitzPatrick,GB,2000,WAS@GB
TE,Luke,Musgrave,GB,2000,WAS@GB
TE,Tucker,Kraft,GB,3400,WAS@GB
TE,Ben,Sims,GB,2000,WAS@GB
TE,Tyler,Higbee,LA,2800,LA@TEN
TE,Colby,Parkinson,LA,2000,LA@TEN
TE,Davis,Allen,LA,2000,LA@TEN
TE,Chig,Okonkwo,TEN,3000,LA@TEN
TE,David,Martin-Robinson,TEN,2000,LA@TEN
TE,Gunnar,Helm,TEN,2000,LA@TEN
TE,Terrance,Ferguson,LA,2000,LA@TEN
TE,Eric,Saubert,SEA,2000,SEA@PIT
TE,AJ,Barner,SEA,2000,SEA@PIT
TE,Nick,Kallerup,SEA,2000,SEA@PIT
TE,Pat,Freiermuth,PIT,3000,SEA@PIT
TE,Connor,Heyward,PIT,2000,SEA@PIT
TE,Darnell,Washington,PIT,2000,SEA@PIT
TE,Jonnu,Smith,PIT,3200,SEA@PIT
TE,Elijah,Arroyo,SEA,2000,SEA@PIT
TE,Dawson,Knox,BUF,2000,BUF@NYJ
TE,Dalton,Kincaid,BUF,2400,BUF@NYJ
TE,Jackson,Hawes,BUF,2000,BUF@NYJ
TE,Jeremy,Ruckert,NYJ,2000,BUF@NYJ
TE,Stone,Smartt,NYJ,2000,BUF@NYJ
TE,Mason,Taylor,NYJ,2000,BUF@NYJ
TE,Jelani,Woods,NYJ,2000,BUF@NYJ
TE,Durham,Smythe,CHI,2000,CHI@DET
TE,Cole,Kmet,CHI,2000,CHI@DET
TE,Colston,Loveland,CHI,2400,CHI@DET
TE,Brock,Wright,DET,2000,CHI@DET
TE,Shane,Zylstra,DET,2000,CHI@DET
TE,Sam,LaPorta,DET,4400,CHI@DET
TE,Chris,Manhertz,NYG,2000,NYG@DAL
TE,Daniel,Bellinger,NYG,2000,NYG@DAL
TE,Theo,Johnson,NYG,2200,NYG@DAL
TE,Thomas,Fidone II,NYG,2000,NYG@DAL
TE,Jake,Ferguson,DAL,2200,NYG@DAL
TE,Luke,Schoonmaker,DAL,2000,NYG@DAL
TE,Brevyn,Spann-Ford,DAL,2000,NYG@DAL
TE,David,Njoku,CLE,3800,CLE@BAL
TE,Blake,Whiteheart,CLE,2000,CLE@BAL
TE,Mark,Andrews,BAL,3600,CLE@BAL
TE,Charlie,Kolar,BAL,2000,CLE@BAL
TE,Isaiah,Likely,BAL,2400,CLE@BAL
TE,Harold,Fannin Jr.,CLE,3000,CLE@BAL
TE,Zaire,Mitchell-Paden,BAL,2000,CLE@BAL
TE,George,Kittle,SF,4800,SF@NO
TE,Luke,Farrell,SF,2000,SF@NO
TE,Jake,Tonges,SF,2000,SF@NO
TE,Taysom,Hill,NO,3200,SF@NO
TE,Foster,Moreau,NO,2000,SF@NO
TE,Juwan,Johnson,NO,2800,SF@NO
TE,Moliki,Matavao,NO,2000,SF@NO
TE,Jack,Stoll,NO,2000,SF@NO
TE,Hunter,Henry,NE,2600,NE@MIA
TE,Austin,Hooper,NE,2000,NE@MIA
TE,Tanner,Conner,MIA,2000,NE@MIA
TE,Julian,Hill,MIA,2000,NE@MIA
TE,Darren,Waller,MIA,2600,NE@MIA
TE,Johnny,Mundt,JAC,2000,JAC@CIN
TE,Hunter,Long,JAC,2000,JAC@CIN
TE,Brenton,Strange,JAC,2200,JAC@CIN
TE,Mike,Gesicki,CIN,2800,JAC@CIN
TE,Tanner,Hudson,CIN,2000,JAC@CIN
TE,Drew,Sample,CIN,2000,JAC@CIN
TE,Erick,All Jr.,CIN,2000,JAC@CIN
TE,Cam,Grandy,CIN,2000,JAC@CIN
TE,Noah,Fant,CIN,2600,JAC@CIN
TE,Tommy,Tremble,CAR,2000,CAR@ARI
TE,James,Mitchell,CAR,2000,CAR@ARI
TE,Ja'Tavion,Sanders,CAR,2000,CAR@ARI
TE,Mitchell,Evans,CAR,2000,CAR@ARI
TE,Trey,McBride,ARI,5200,CAR@ARI
TE,Elijah,Higgins,ARI,2000,CAR@ARI
TE,Travis,Vokolek,ARI,2000,CAR@ARI
TE,Tip,Reiman,ARI,2000,CAR@ARI
TE,Evan,Engram,DEN,2800,DEN@IND
TE,Adam,Trautman,DEN,2000,DEN@IND
TE,Lucas,Krull,DEN,2000,DEN@IND
TE,Nate,Adkins,DEN,2000,DEN@IND
TE,Mo,Alie-Cox,IND,2000,DEN@IND
TE,Drew,Ogletree,IND,2000,DEN@IND
TE,Will,Mallory,IND,2000,DEN@IND
TE,Tyler,Warren,IND,3600,DEN@IND
TE,Dallas,Goedert,PHI,3200,PHI@KC
TE,Kylen,Granson,PHI,2000,PHI@KC
TE,Grant,Calcaterra,PHI,2000,PHI@KC
TE,Travis,Kelce,KC,4200,PHI@KC
TE,Noah,Gray,KC,2000,PHI@KC
TE,Jared,Wiley,KC,2000,PHI@KC
TE,Robert,Tonyan,KC,2000,PHI@KC
TE,Charlie,Woerner,ATL,2000,ATL@MIN
TE,Kyle,Pitts Sr.,ATL,2400,ATL@MIN
TE,Feleipe,Franks,ATL,2000,ATL@MIN
TE,Teagan,Quitoriano,ATL,2000,ATL@MIN
TE,T.J.,Hockenson,MIN,3400,ATL@MIN
TE,Josh,Oliver,MIN,2000,ATL@MIN
TE,Gavin,Bartholomew,MIN,2000,ATL@MIN
TE,Ben,Yurosek,MIN,2000,ATL@MIN
TE,Cade,Otton,TB,2600,TB@HOU
TE,Ko,Kieft,TB,2000,TB@HOU
TE,Payne,Durham,TB,2000,TB@HOU
TE,Devin,Culp,TB,2000,TB@HOU
TE,Dalton,Schultz,HOU,2400,TB@HOU
TE,Cade,Stover,HOU,2000,TB@HOU
TE,Will,Dissly,LAC,2000,LAC@LV
TE,Tyler,Conklin,LAC,2400,LAC@LV
TE,Tucker,Fisk,LAC,2000,LAC@LV
TE,Oronde,Gadsden,LAC,2000,LAC@LV
TE,Ian,Thomas,LV,2000,LAC@LV
TE,Michael,Mayer,LV,2000,LAC@LV
TE,Brock,Bowers,LV,5400,LAC@LV
WR,Noah,Brown,WAS,2200,WAS@GB
WR,Deebo,Samuel,WAS,5000,WAS@GB
WR,Terry,McLaurin,WAS,5600,WAS@GB
WR,Luke,McCaffrey,WAS,2000,WAS@GB
WR,Jaylin,Lane,WAS,2000,WAS@GB
WR,Christian,Watson,GB,2000,WAS@GB
WR,Romeo,Doubs,GB,3000,WAS@GB
WR,Jayden,Reed,GB,3200,WAS@GB
WR,Dontayvion,Wicks,GB,2000,WAS@GB
WR,Malik,Heath,GB,2000,WAS@GB
WR,Savion,Williams,GB,2000,WAS@GB
WR,Matthew,Golden,GB,2800,WAS@GB
WR,Chris,Moore,WAS,2000,WAS@GB
WR,Davante,Adams,LA,5800,LA@TEN
WR,Tutu,Atwell,LA,2000,LA@TEN
WR,Puka,Nacua,LA,7000,LA@TEN
WR,Xavier,Smith,LA,2000,LA@TEN
WR,Jordan,Whittington,LA,2000,LA@TEN
WR,Konata,Mumpfield,LA,2000,LA@TEN
WR,Tyler,Lockett,TEN,2200,LA@TEN
WR,Calvin,Ridley,TEN,5600,LA@TEN
WR,Van,Jefferson,TEN,2000,LA@TEN
WR,Bryce,Oliver,TEN,2000,LA@TEN
WR,Elic,Ayomanor,TEN,2000,LA@TEN
WR,Chimere,Dike,TEN,2000,LA@TEN
WR,Cooper,Kupp,SEA,3600,SEA@PIT
WR,Cody,White,SEA,2000,SEA@PIT
WR,Dareke,Young,SEA,2000,SEA@PIT
WR,Jaxon,Smith-Njigba,SEA,6200,SEA@PIT
WR,Jake,Bobo,SEA,2000,SEA@PIT
WR,Tory,Horton,SEA,2000,SEA@PIT
WR,DK,Metcalf,PIT,5000,SEA@PIT
WR,Scotty,Miller,PIT,2000,SEA@PIT
WR,Ben,Skowronek,PIT,2000,SEA@PIT
WR,Calvin,Austin III,PIT,2600,SEA@PIT
WR,Roman,Wilson,PIT,2000,SEA@PIT
WR,Curtis,Samuel,BUF,2200,BUF@NYJ
WR,Elijah,Moore,BUF,2000,BUF@NYJ
WR,Joshua,Palmer,BUF,3000,BUF@NYJ
WR,Khalil,Shakir,BUF,4200,BUF@NYJ
WR,Tyrell,Shavers,BUF,3200,BUF@NYJ
WR,Keon,Coleman,BUF,3400,BUF@NYJ
WR,Josh,Reynolds,NYJ,2000,BUF@NYJ
WR,Allen,Lazard,NYJ,2600,BUF@NYJ
WR,Garrett,Wilson,NYJ,5400,BUF@NYJ
WR,Irvin,Charles,NYJ,2000,BUF@NYJ
WR,Xavier,Gipson,NYJ,2000,BUF@NYJ
WR,Arian,Smith,NYJ,2000,BUF@NYJ
WR,Tyler,Johnson,NYJ,2000,BUF@NYJ
WR,DJ,Moore,CHI,5400,CHI@DET
WR,Olamide,Zaccheaus,CHI,2000,CHI@DET
WR,Rome,Odunze,CHI,3400,CHI@DET
WR,Jahdae,Walker,CHI,2000,CHI@DET
WR,Kalif,Raymond,DET,2000,CHI@DET
WR,Amon-Ra,St. Brown,DET,6400,CHI@DET
WR,Jameson,Williams,DET,5200,CHI@DET
WR,Dominic,Lovett,DET,2000,CHI@DET
WR,Isaac,TeSlaa,DET,2600,CHI@DET
WR,Luther,Burden III,CHI,2000,CHI@DET
WR,Devin,Duvernay,CHI,2000,CHI@DET
WR,Darius,Slayton,NYG,2200,NYG@DAL
WR,Wan'Dale,Robinson,NYG,3800,NYG@DAL
WR,Jalin,Hyatt,NYG,2000,NYG@DAL
WR,Malik,Nabers,NYG,6800,NYG@DAL
WR,Beaux,Collins,NYG,2000,NYG@DAL
WR,CeeDee,Lamb,DAL,8400,NYG@DAL
WR,George,Pickens,DAL,5400,NYG@DAL
WR,Jalen,Tolbert,DAL,2400,NYG@DAL
WR,KaVontae,Turpin,DAL,2000,NYG@DAL
WR,Gunner,Olszewski,NYG,2000,NYG@DAL
WR,Ryan,Flournoy,DAL,2000,NYG@DAL
WR,DeAndre,Carter,CLE,2000,CLE@BAL
WR,Jerry,Jeudy,CLE,5400,CLE@BAL
WR,Cedric,Tillman,CLE,3600,CLE@BAL
WR,Jamari,Thrash,CLE,2000,CLE@BAL
WR,Gage,Larvadain,CLE,2000,CLE@BAL
WR,DeAndre,Hopkins,BAL,2400,CLE@BAL
WR,Rashod,Bateman,BAL,4000,CLE@BAL
WR,Tylan,Wallace,BAL,2000,CLE@BAL
WR,Zay,Flowers,BAL,5200,CLE@BAL
WR,Devontez,Walker,BAL,2000,CLE@BAL
WR,LaJohntay,Wester,BAL,2000,CLE@BAL
WR,Isaiah,Bond,CLE,2000,CLE@BAL
WR,Demarcus,Robinson,SF,2000,SF@NO
WR,Brandon,Aiyuk,SF,2400,SF@NO
WR,Jauan,Jennings,SF,4600,SF@NO
WR,Ricky,Pearsall,SF,4800,SF@NO
WR,Jordan,Watkins,SF,2000,SF@NO
WR,Brandin,Cooks,NO,2000,SF@NO
WR,Chris,Olave,NO,3800,SF@NO
WR,Rashid,Shaheed,NO,4600,SF@NO
WR,Mason,Tipton,NO,2000,SF@NO
WR,Skyy,Moore,SF,2000,SF@NO
WR,Devaughn,Vele,NO,2000,SF@NO
WR,Trey,Palmer,NO,2000,SF@NO
WR,Marquez,Valdes-Scantling,SF,2000,SF@NO
WR,Russell,Gage Jr.,SF,2000,SF@NO
WR,Stefon,Diggs,NE,4600,NE@MIA
WR,Mack,Hollins,NE,2000,NE@MIA
WR,DeMario,Douglas,NE,3200,NE@MIA
WR,Kayshon,Boutte,NE,3400,NE@MIA
WR,Kyle,Williams,NE,2000,NE@MIA
WR,Efton,Chism III,NE,2000,NE@MIA
WR,Tyreek,Hill,MIA,5200,NE@MIA
WR,Nick,Westbrook-Ikhine,MIA,3000,NE@MIA
WR,Jaylen,Waddle,MIA,3800,NE@MIA
WR,Dee,Eskridge,MIA,2000,NE@MIA
WR,Malik,Washington,MIA,2000,NE@MIA
WR,Tahj,Washington,MIA,2000,NE@MIA
WR,Dyami,Brown,JAC,3200,JAC@CIN
WR,Parker,Washington,JAC,2200,JAC@CIN
WR,Brian,Thomas Jr.,JAC,6600,JAC@CIN
WR,Tee,Higgins,CIN,6800,JAC@CIN
WR,Ja'Marr,Chase,CIN,8200,JAC@CIN
WR,Charlie,Jones,CIN,2000,JAC@CIN
WR,Andrei,Iosivas,CIN,2400,JAC@CIN
WR,Mitchell,Tinsley,CIN,2000,JAC@CIN
WR,Jermaine,Burton,CIN,2000,JAC@CIN
WR,Travis,Hunter,JAC,3800,JAC@CIN
WR,Tim,Patrick,JAC,2000,JAC@CIN
WR,David,Moore,CAR,2000,CAR@ARI
WR,Brycen,Tremayne,CAR,2000,CAR@ARI
WR,Xavier,Legette,CAR,2600,CAR@ARI
WR,Tetairoa,McMillan,CAR,4800,CAR@ARI
WR,Jimmy,Horn Jr.,CAR,2000,CAR@ARI
WR,Zay,Jones,ARI,2000,CAR@ARI
WR,Greg,Dortch,ARI,2000,CAR@ARI
WR,Michael,Wilson,ARI,2600,CAR@ARI
WR,Marvin,Harrison Jr.,ARI,6000,CAR@ARI
WR,Xavier,Weaver,ARI,2000,CAR@ARI
WR,Dalevon,Campbell,CAR,2000,CAR@ARI
WR,Hunter,Renfrow,CAR,2000,CAR@ARI
WR,Courtland,Sutton,DEN,6200,DEN@IND
WR,Trent,Sherfield Sr.,DEN,2000,DEN@IND
WR,Marvin,Mims Jr.,DEN,4400,DEN@IND
WR,Troy,Franklin,DEN,2000,DEN@IND
WR,Pat,Bryant,DEN,2000,DEN@IND
WR,Ashton,Dulin,IND,2000,DEN@IND
WR,Michael,Pittman Jr.,IND,4600,DEN@IND
WR,Alec,Pierce,IND,3400,DEN@IND
WR,Josh,Downs,IND,4000,DEN@IND
WR,Adonai,Mitchell,IND,2000,DEN@IND
WR,Anthony,Gould,IND,2000,DEN@IND
WR,A.J.,Brown,PHI,4800,PHI@KC
WR,DeVonta,Smith,PHI,4600,PHI@KC
WR,Jahan,Dotson,PHI,2000,PHI@KC
WR,Darius,Cooper,PHI,2000,PHI@KC
WR,JuJu,Smith-Schuster,KC,2000,PHI@KC
WR,Hollywood,Brown,KC,2800,PHI@KC
WR,Tyquan,Thornton,KC,2000,PHI@KC
WR,Rashee,Rice,KC,4800,PHI@KC
WR,Jason,Brownlee,KC,2000,PHI@KC
WR,Nikko,Remigio,KC,2000,PHI@KC
WR,Xavier,Worthy,KC,5200,PHI@KC
WR,Jalen,Royals,KC,2000,PHI@KC
WR,John,Metchie III,PHI,2000,PHI@KC
WR,Jamal,Agnew,ATL,2000,ATL@MIN
WR,Ray-Ray,McCloud III,ATL,2400,ATL@MIN
WR,KhaDarel,Hodge,ATL,2000,ATL@MIN
WR,Darnell,Mooney,ATL,4000,ATL@MIN
WR,Drake,London,ATL,6800,ATL@MIN
WR,Casey,Washington,ATL,2000,ATL@MIN
WR,Justin,Jefferson,MIN,7000,ATL@MIN
WR,Jalen,Nailor,MIN,2200,ATL@MIN
WR,Jordan,Addison,MIN,4000,ATL@MIN
WR,Tai,Felton,MIN,2000,ATL@MIN
WR,Myles,Price,MIN,2000,ATL@MIN
WR,Adam,Thielen,MIN,4400,ATL@MIN
WR,David,Sills V,ATL,2000,ATL@MIN
WR,Mike,Evans,TB,6600,TB@HOU
WR,Sterling,Shepard,TB,2000,TB@HOU
WR,Chris,Godwin Jr.,TB,4600,TB@HOU
WR,Ryan,Miller,TB,2000,TB@HOU
WR,Kameron,Johnson,TB,2000,TB@HOU
WR,Emeka,Egbuka,TB,7000,TB@HOU
WR,Tez,Johnson,TB,2000,TB@HOU
WR,Christian,Kirk,HOU,3400,TB@HOU
WR,Justin,Watson,HOU,2000,TB@HOU
WR,Braxton,Berrios,HOU,2000,TB@HOU
WR,Nico,Collins,HOU,6200,TB@HOU
WR,Tank,Dell,HOU,2200,TB@HOU
WR,Xavier,Hutchinson,HOU,2000,TB@HOU
WR,Jayden,Higgins,HOU,2200,TB@HOU
WR,Jaylin,Noel,HOU,2000,TB@HOU
WR,Quentin,Johnston,LAC,3800,LAC@LV
WR,Derius,Davis,LAC,2000,LAC@LV
WR,Ladd,McConkey,LAC,7200,LAC@LV
WR,KeAndre,Lambert-Smith,LAC,2000,LAC@LV
WR,Jakobi,Meyers,LV,6000,LAC@LV
WR,Tre,Tucker,LV,2400,LAC@LV
WR,Dont'e,Thornton Jr.,LV,2200,LAC@LV
WR,Keenan,Allen,LAC,4400,LAC@LV
WR,Tre',Harris,LAC,2000,LAC@LV
WR,Jack,Bech,LV,2000,LAC@LV
WR,Justin,Shorter,LV,2000,LAC@LV
WR,Alex,Bachman,LV,2000,LAC@LV
TE,Ben,Yurosek,MIN,2000,MIN@CHI
TE,Durham,Smythe,CHI,2000,MIN@CHI
TE,Stephen,Carlson,CHI,2000,MIN@CHI
TE,Cole,Kmet,CHI,2000,MIN@CHI
TE,Joel,Wilson,CHI,2000,MIN@CHI
TE,Colston,Loveland,CHI,2200,MIN@CHI
TE,Giovanni,Ricci,MIN,2000,MIN@CHI
TE,Nick,Vannett,MIN,2000,MIN@CHI
TE,Thomas,Gordon,CHI,2000,MIN@CHI
WR,CeeDee,Lamb,DAL,6800,DAL@PHI
WR,George,Pickens,DAL,4600,DAL@PHI
WR,Jalen,Tolbert,DAL,2800,DAL@PHI
WR,KaVontae,Turpin,DAL,2000,DAL@PHI
WR,Jonathan,Mingo,DAL,2000,DAL@PHI
WR,Jalen,Brooks,DAL,2000,DAL@PHI
WR,Jalen,Cropper,DAL,2000,DAL@PHI
WR,Ryan,Flournoy,DAL,2000,DAL@PHI
WR,Josh,Kelly,DAL,2000,DAL@PHI
WR,Traeshon,Holden,DAL,2000,DAL@PHI
WR,A.J.,Brown,PHI,5400,DAL@PHI
WR,DeVonta,Smith,PHI,4600,DAL@PHI
WR,Terrace,Marshall,PHI,2000,DAL@PHI
WR,Avery,Williams,PHI,2000,DAL@PHI
WR,Jahan,Dotson,PHI,2000,DAL@PHI
WR,Elijah,Cooks,PHI,2000,DAL@PHI
WR,Ainias,Smith,PHI,2000,DAL@PHI
WR,Johnny,Wilson,PHI,2000,DAL@PHI
WR,Taylor,Morin,PHI,2000,DAL@PHI
WR,Darius,Cooper,PHI,2000,DAL@PHI
WR,Giles,Jackson,PHI,2000,DAL@PHI
WR,Ife,Adeyi,PHI,2000,DAL@PHI
WR,JuJu,Smith-Schuster,KC,2000,KC@LAC
WR,Hollywood,Brown,KC,2600,KC@LAC
WR,Tyquan,Thornton,KC,2000,KC@LAC
WR,Rashee,Rice,KC,5600,KC@LAC
WR,Jason,Brownlee,KC,2000,KC@LAC
WR,Nikko,Remigio,KC,2000,KC@LAC
WR,Xavier,Worthy,KC,6000,KC@LAC
WR,Jalen,Royals,KC,2200,KC@LAC
WR,Mac,Dalena,KC,2000,KC@LAC
WR,Elijhah,Badger,KC,2000,KC@LAC
WR,Jimmy,Holiday,KC,2000,KC@LAC
WR,Jalen,Reagor,LAC,2000,KC@LAC
WR,Dez,Fitzpatrick,LAC,2000,KC@LAC
WR,Quentin,Johnston,LAC,3400,KC@LAC
WR,Derius,Davis,LAC,2000,KC@LAC
WR,Ladd,McConkey,LAC,6600,KC@LAC
WR,Brenden,Rice,LAC,2000,KC@LAC
WR,Jaylen,Johnson,LAC,2000,KC@LAC
WR,KeAndre,Lambert-Smith,LAC,2000,KC@LAC
WR,Luke,Grimm,LAC,2000,KC@LAC
WR,Dalevon,Campbell,CAR,2000,KC@LAC
WR,Tre',Harris,LAC,2800,KC@LAC
WR,Hal,Presley,KC,2000,KC@LAC
WR,JaQuae,Jackson,LAC,2000,KC@LAC
WR,Key'Shawn,Smith,KC,2000,KC@LAC
WR,Keenan,Allen,LAC,4200,KC@LAC
WR,Mike,Evans,TB,6600,TB@ATL
WR,Sterling,Shepard,TB,2000,TB@ATL
WR,Chris,Godwin Jr.,TB,5400,TB@ATL
WR,Dennis,Houston,TB,2000,TB@ATL
WR,Rakim,Jarrett,TB,2000,TB@ATL
WR,Ryan,Miller,TB,2000,TB@ATL
WR,Jalen,McMillan,TB,4400,TB@ATL
WR,Kameron,Johnson,TB,2000,TB@ATL
WR,Emeka,Egbuka,TB,3000,TB@ATL
WR,Tez,Johnson,TB,2000,TB@ATL
WR,Garrett,Greene,TB,2000,TB@ATL
WR,Jamal,Agnew,ATL,2000,TB@ATL
WR,Ray-Ray,McCloud III,ATL,2000,TB@ATL
WR,KhaDarel,Hodge,ATL,2000,TB@ATL
WR,David,Sills,ATL,2000,TB@ATL
WR,Darnell,Mooney,ATL,3800,TB@ATL
WR,Chris,Blair,ATL,2000,TB@ATL
WR,Drake,London,ATL,6600,TB@ATL
WR,Jesse,Matthews,ATL,2000,TB@ATL
WR,Dylan,Drummond,ATL,2000,TB@ATL
WR,Casey,Washington,ATL,2000,TB@ATL
WR,Nick,Nash,ATL,2000,TB@ATL
WR,Quincy,Skinner Jr.,ATL,2000,TB@ATL
WR,DJ,Chark,ATL,2000,TB@ATL
WR,Jaden,Smith,TB,2000,TB@ATL
WR,Jacob,Harris,TB,2000,TB@ATL
WR,Robert,Woods,PIT,2000,PIT@NYJ
WR,DK,Metcalf,PIT,4800,PIT@NYJ
WR,Scotty,Miller,PIT,2000,PIT@NYJ
WR,Ben,Skowronek,PIT,2000,PIT@NYJ
WR,Calvin,Austin III,PIT,2200,PIT@NYJ
WR,Lance,McCutcheon,PIT,2000,PIT@NYJ
WR,Brandon,Johnson,PIT,2000,PIT@NYJ
WR,Roman,Wilson,PIT,2000,PIT@NYJ
WR,Ke'Shawn,Williams,PIT,2000,PIT@NYJ
WR,Roc,Taylor,PIT,2000,PIT@NYJ
WR,Josh,Reynolds,NYJ,2000,PIT@NYJ
WR,Allen,Lazard,NYJ,2400,PIT@NYJ
WR,Tyler,Johnson,NYJ,2000,PIT@NYJ
WR,Brandon,Smith,NYJ,2000,PIT@NYJ
WR,Garrett,Wilson,NYJ,5000,PIT@NYJ
WR,Irvin,Charles,NYJ,2000,PIT@NYJ
WR,Pokey,Wilson,NYJ,2000,PIT@NYJ
WR,Xavier,Gipson,NYJ,2000,PIT@NYJ
WR,Arian,Smith,NYJ,2000,PIT@NYJ
WR,Quentin,Skinner,NYJ,2000,PIT@NYJ
WR,Jamaal,Pritchett,NYJ,2000,PIT@NYJ
WR,Dymere,Miller,NYJ,2000,PIT@NYJ
WR,Tyreek,Hill,MIA,5200,MIA@IND
WR,Nick,Westbrook-Ikhine,MIA,2800,MIA@IND
WR,Jaylen,Waddle,MIA,3800,MIA@IND
WR,Dee,Eskridge,MIA,2000,MIA@IND
WR,Tarik,Black,MIA,2000,MIA@IND
WR,Erik,Ezukanma,MIA,2000,MIA@IND
WR,Malik,Washington,MIA,2000,MIA@IND
WR,Tahj,Washington,MIA,2000,MIA@IND
WR,Theo,Wease Jr.,MIA,2000,MIA@IND
WR,Andrew,Armstrong,MIA,2000,MIA@IND
WR,AJ,Henning,MIA,2000,MIA@IND
WR,Laquon,Treadwell,IND,2000,MIA@IND
WR,D.J.,Montgomery,IND,2000,MIA@IND
WR,Ashton,Dulin,IND,2000,MIA@IND
WR,Michael,Pittman Jr.,IND,4000,MIA@IND
WR,Alec,Pierce,IND,3600,MIA@IND
WR,Josh,Downs,IND,4000,MIA@IND
WR,Adonai,Mitchell,IND,2000,MIA@IND
WR,Anthony,Gould,IND,2000,MIA@IND
WR,Ajou,Ajou,IND,2000,MIA@IND
WR,Landon,Parker,IND,2000,MIA@IND
WR,Coleman,Owen,IND,2000,MIA@IND
WR,Tyler,Kahmann,IND,2000,MIA@IND
WR,Blayne,Taylor,IND,2000,MIA@IND
WR,Adam,Thielen,MIN,4400,CAR@JAC
WR,David,Moore,CAR,2000,CAR@JAC
WR,Hunter,Renfrow,CAR,2000,CAR@JAC
WR,Brycen,Tremayne,CAR,2000,CAR@JAC
WR,Xavier,Legette,CAR,2200,CAR@JAC
WR,Jalen,Coker,CAR,3200,CAR@JAC
WR,Tetairoa,McMillan,CAR,4200,CAR@JAC
WR,Jimmy,Horn Jr.,CAR,2000,CAR@JAC
WR,Jacolby,George,CAR,2000,CAR@JAC
WR,Kobe,Hudson,CAR,2000,CAR@JAC
WR,Dyami,Brown,JAC,3200,CAR@JAC
WR,Austin,Trammell,JAC,2000,CAR@JAC
WR,Parker,Washington,JAC,2200,CAR@JAC
WR,Brian,Thomas Jr.,JAC,7000,CAR@JAC
WR,Joshua,Cephus,JAC,2000,CAR@JAC
WR,Chandler,Brayboy,JAC,2000,CAR@JAC
WR,Cam,Camper,JAC,2000,CAR@JAC
WR,Eli,Pancol,JAC,2000,CAR@JAC
WR,Darius,Lassiter,JAC,2000,CAR@JAC
WR,Dorian,Singer,JAC,2000,CAR@JAC
WR,Tim,Patrick,JAC,2000,CAR@JAC
WR,T.J.,Luther,CAR,2000,CAR@JAC
WR,Trenton,Irwin,JAC,2000,CAR@JAC
WR,Travis,Hunter,JAC,4800,CAR@JAC
WR,Ja'seem,Reed,CAR,2000,CAR@JAC
WR,Zach,Pascal,NYG,2000,NYG@WAS
WR,Darius,Slayton,NYG,2200,NYG@WAS
WR,Lil'Jordan,Humphrey,NYG,2000,NYG@WAS
WR,Ihmir,Smith-Marsette,NYG,2000,NYG@WAS
WR,Wan'Dale,Robinson,NYG,3400,NYG@WAS
WR,Montrell,Washington,NYG,2000,NYG@WAS
WR,Jalin,Hyatt,NYG,2000,NYG@WAS
WR,Malik,Nabers,NYG,6800,NYG@WAS
WR,Beaux,Collins,NYG,2000,NYG@WAS
WR,Jordan,Bly,NYG,2000,NYG@WAS
WR,Dalen,Cambre,NYG,2000,NYG@WAS
WR,Da'Quan,Felton,NYG,2000,NYG@WAS
WR,Antwane,Wells Jr.,NYG,2000,NYG@WAS
WR,Chris,Moore,WAS,2000,NYG@WAS
WR,Noah,Brown,WAS,2200,NYG@WAS
WR,Michael,Gallup,WAS,2000,NYG@WAS
WR,Deebo,Samuel,WAS,4200,NYG@WAS
WR,K.J.,Osborn,WAS,2000,NYG@WAS
WR,Michael,Strachan,WAS,2000,NYG@WAS
WR,Luke,McCaffrey,WAS,2000,NYG@WAS
WR,Jaylin,Lane,WAS,2000,NYG@WAS
WR,Jacoby,Jones,WAS,2000,NYG@WAS
WR,Ja'Corey,Brooks,WAS,2000,NYG@WAS
WR,Tay,Martin,WAS,2600,NYG@WAS
WR,Terry,McLaurin,WAS,6200,NYG@WAS
WR,Gunner,Olszewski,NYG,2000,NYG@WAS
WR,Braylon,Sanders,WAS,2000,NYG@WAS
WR,Trey,Palmer,NO,2000,ARI@NO
WR,Zay,Jones,ARI,2000,ARI@NO
WR,Greg,Dortch,ARI,2400,ARI@NO
WR,Andre,Baccellia,ARI,2000,ARI@NO
WR,Simi,Fehoko,ARI,2000,ARI@NO
WR,Michael,Wilson,ARI,2800,ARI@NO
WR,Marvin,Harrison Jr.,ARI,4800,ARI@NO
WR,Tejhaun,Palmer,ARI,2000,ARI@NO
WR,Xavier,Weaver,ARI,2000,ARI@NO
WR,Bryson,Green,ARI,2000,ARI@NO
WR,Brandin,Cooks,NO,2200,ARI@NO
WR,Dante,Pettis,NO,2000,ARI@NO
WR,Cedrick,Wilson Jr.,NO,2000,ARI@NO
WR,Donovan,Peoples-Jones,NO,2000,ARI@NO
WR,Chris,Olave,NO,3200,ARI@NO
WR,Kevin,Austin Jr.,NO,2000,ARI@NO
WR,Rashid,Shaheed,NO,4200,ARI@NO
WR,Bub,Means,NO,2000,ARI@NO
WR,Mason,Tipton,NO,2000,ARI@NO
WR,Moochie,Dixon,NO,2000,ARI@NO
WR,Nate,McCollum,ARI,2000,ARI@NO
WR,Kelly,Akharaiyi,ARI,2000,ARI@NO
WR,Roderick,Daniels Jr.,NO,2000,ARI@NO
WR,Tee,Higgins,CIN,7000,CIN@CLE
WR,Ja'Marr,Chase,CIN,8000,CIN@CLE
WR,Kendric,Pryor,CIN,2000,CIN@CLE
WR,Charlie,Jones,CIN,2000,CIN@CLE
WR,Andrei,Iosivas,CIN,2200,CIN@CLE
WR,Mitchell,Tinsley,CIN,2000,CIN@CLE
WR,Jermaine,Burton,CIN,2000,CIN@CLE
WR,Isaiah,Williams,CIN,2000,CIN@CLE
WR,Cole,Burgess,CIN,2000,CIN@CLE
WR,Rashod,Owens,CIN,2000,CIN@CLE
WR,Jamoi,Mayes,CIN,2000,CIN@CLE
WR,Jordan,Moore,CIN,2000,CIN@CLE
WR,DeAndre,Carter,CLE,2000,CIN@CLE
WR,Diontae,Johnson,CLE,2000,CIN@CLE
WR,Jerry,Jeudy,CLE,5200,CIN@CLE
WR,Kaden,Davis,CLE,2000,CIN@CLE
WR,Cedric,Tillman,CLE,3600,CIN@CLE
WR,Jamari,Thrash,CLE,2000,CIN@CLE
WR,Gage,Larvadain,CLE,2000,CIN@CLE
WR,Kisean,Johnson,CLE,2000,CIN@CLE
WR,Cade,McDonald,CLE,2000,CIN@CLE
WR,Malachi,Corley,CLE,2000,CIN@CLE
WR,Alex,Bachman,LV,2000,LV@NE
WR,Jakobi,Meyers,LV,5000,LV@NE
WR,Collin,Johnson,LV,2000,LV@NE
WR,Tre,Tucker,LV,2000,LV@NE
WR,Shedrick,Jackson,LV,2000,LV@NE
WR,Dont'e,Thornton Jr.,LV,2000,LV@NE
WR,Tommy,Mellott,LV,2000,LV@NE
WR,Ketron,Jackson Jr.,LV,2000,LV@NE
WR,Stefon,Diggs,NE,4600,LV@NE
WR,Mack,Hollins,NE,2000,LV@NE
WR,Kendrick,Bourne,NE,2000,LV@NE
WR,DeMario,Douglas,NE,3200,LV@NE
WR,Kayshon,Boutte,NE,3400,LV@NE
WR,Ja'Lynn,Polk,NE,2000,LV@NE
WR,Javon,Baker,NE,2000,LV@NE
WR,John,Jiles,NE,2000,LV@NE
WR,Kyle,Williams,NE,2800,LV@NE
WR,Efton,Chism III,NE,2000,LV@NE
WR,Jack,Bech,LV,3000,LV@NE
WR,Phillip,Dorsett,LV,2000,LV@NE
WR,Jeremiah,Webb,NE,2000,LV@NE
WR,Marquez,Callaway,LV,2000,LV@NE
WR,Skyy,Moore,SF,2000,SF@SEA
WR,Demarcus,Robinson,SF,2000,SF@SEA
WR,Russell,Gage Jr.,SF,2000,SF@SEA
WR,Brandon,Aiyuk,SF,2000,SF@SEA
WR,Isaiah,Hodgins,SF,2000,SF@SEA
WR,Jauan,Jennings,SF,4200,SF@SEA
WR,Ricky,Pearsall,SF,4400,SF@SEA
WR,Jacob,Cowing,SF,2000,SF@SEA
WR,Terique,Owens,SF,2000,SF@SEA
WR,Jordan,Watkins,SF,2000,SF@SEA
WR,Junior,Bergen,SF,2000,SF@SEA
WR,Cooper,Kupp,SEA,3600,SF@SEA
WR,Marquez,Valdes-Scantling,SF,2400,SF@SEA
WR,Steven,Sims,SEA,2000,SF@SEA
WR,Cody,White,SEA,2000,SF@SEA
WR,Dareke,Young,SEA,2000,SF@SEA
WR,Jaxon,Smith-Njigba,SEA,5400,SF@SEA
WR,Jake,Bobo,SEA,2000,SF@SEA
WR,John Rhys,Plumlee,SEA,2000,SF@SEA
WR,Tory,Horton,SEA,2000,SF@SEA
WR,Ricky,White III,SEA,2000,SF@SEA
WR,Tyrone,Broden,SEA,2000,SF@SEA
WR,Robbie,Chosen,SF,2000,SF@SEA
WR,Malik,Turner,SF,2000,SF@SEA
WR,Tyler,Lockett,TEN,2000,TEN@DEN
WR,Calvin,Ridley,TEN,4600,TEN@DEN
WR,Van,Jefferson,TEN,2000,TEN@DEN
WR,James,Proche II,TEN,2000,TEN@DEN
WR,Mason,Kinsey,TEN,2000,TEN@DEN
WR,Jha'Quan,Jackson,TEN,2000,TEN@DEN
WR,Bryce,Oliver,TEN,2000,TEN@DEN
WR,Elic,Ayomanor,TEN,2000,TEN@DEN
WR,Xavier,Restrepo,TEN,2000,TEN@DEN
WR,TJ,Sheffield,TEN,2000,TEN@DEN
WR,Courtland,Sutton,DEN,5600,TEN@DEN
WR,Trent,Sherfield Sr.,DEN,2000,TEN@DEN
WR,Michael,Bandy,DEN,2000,TEN@DEN
WR,Marvin,Mims Jr.,DEN,3800,TEN@DEN
WR,A.T.,Perry,DEN,2000,TEN@DEN
WR,Troy,Franklin,DEN,2000,TEN@DEN
WR,Devaughn,Vele,NO,2400,TEN@DEN
WR,Pat,Bryant,DEN,2000,TEN@DEN
WR,Courtney,Jackson,DEN,2000,TEN@DEN
WR,Joaquin,Davis,DEN,2000,TEN@DEN
WR,Jerjuan,Newton,DEN,2000,TEN@DEN
WR,Kyrese,Rowan,DEN,2000,TEN@DEN
WR,Chimere,Dike,TEN,2000,TEN@DEN
WR,Matt,Landers,TEN,2000,TEN@DEN
WR,Kalif,Raymond,DET,2000,DET@GB
WR,Malik,Taylor,DET,2000,DET@GB
WR,Tom,Kennedy,DET,2000,DET@GB
WR,Amon-Ra,St. Brown,DET,7200,DET@GB
WR,Jameson,Williams,DET,5800,DET@GB
WR,Ronnie,Bell,DET,2000,DET@GB
WR,Dominic,Lovett,DET,2000,DET@GB
WR,Jackson,Meeks,DET,2000,DET@GB
WR,Jakobie,Keeney-James,DET,2000,DET@GB
WR,Mecole,Hardman,GB,2000,DET@GB
WR,Christian,Watson,GB,2000,DET@GB
WR,Romeo,Doubs,GB,3400,DET@GB
WR,Jayden,Reed,GB,3600,DET@GB
WR,Dontayvion,Wicks,GB,2600,DET@GB
WR,Malik,Heath,GB,2000,DET@GB
WR,Cornelius,Johnson,GB,2000,DET@GB
WR,Julian,Hicks,GB,2000,DET@GB
WR,Savion,Williams,GB,2000,DET@GB
WR,Matthew,Golden,GB,4000,DET@GB
WR,Isaac,TeSlaa,DET,2000,DET@GB
WR,Will,Sheppard,GB,2000,DET@GB
WR,Isaiah,Neyor,GB,2000,DET@GB
WR,Kawaan,Baker,GB,2000,DET@GB
WR,Christian,Kirk,HOU,3200,HOU@LA
WR,Justin,Watson,HOU,2000,HOU@LA
WR,Braxton,Berrios,HOU,2000,HOU@LA
WR,Nico,Collins,HOU,6200,HOU@LA
WR,John,Metchie III,PHI,2000,HOU@LA
WR,Tank,Dell,HOU,2200,HOU@LA
WR,Xavier,Hutchinson,HOU,2000,HOU@LA
WR,Xavier,Johnson,HOU,2000,HOU@LA
WR,Jayden,Higgins,HOU,3000,HOU@LA
WR,Jaylin,Noel,HOU,2200,HOU@LA
WR,Daniel,Jackson,HOU,2000,HOU@LA
WR,Davante,Adams,LA,6600,HOU@LA
WR,Tutu,Atwell,LA,2000,HOU@LA
WR,Britain,Covey,LA,2000,HOU@LA
WR,Puka,Nacua,LA,6400,HOU@LA
WR,Xavier,Smith,LA,2000,HOU@LA
WR,Jordan,Whittington,LA,2000,HOU@LA
WR,Drake,Stoops,LA,2000,HOU@LA
WR,Konata,Mumpfield,LA,2000,HOU@LA
WR,Tru,Edwards,LA,2000,HOU@LA
WR,Brennan,Presley,LA,2000,HOU@LA
WR,Mario,Williams,LA,2000,HOU@LA
WR,Quintez,Cephus,HOU,2000,HOU@LA
WR,DeAndre,Hopkins,BAL,2400,BAL@BUF
WR,Anthony,Miller,BAL,2000,BAL@BUF
WR,Keith,Kirkwood,BAL,2000,BAL@BUF
WR,Rashod,Bateman,BAL,4200,BAL@BUF
WR,Tylan,Wallace,BAL,2000,BAL@BUF
WR,Zay,Flowers,BAL,4400,BAL@BUF
WR,Malik,Cunningham,BAL,2000,BAL@BUF
WR,Devontez,Walker,BAL,2000,BAL@BUF
WR,Dayton,Wade,BAL,2000,BAL@BUF
WR,Jahmal,Banks,BAL,2000,BAL@BUF
WR,Xavier,Guillory,BAL,2000,BAL@BUF
WR,Curtis,Samuel,BUF,2600,BAL@BUF
WR,KJ,Hamler,BUF,2000,BAL@BUF
WR,Elijah,Moore,BUF,2000,BAL@BUF
WR,Joshua,Palmer,BUF,3200,BAL@BUF
WR,Khalil,Shakir,BUF,4000,BAL@BUF
WR,Jalen,Virgil,BUF,2000,BAL@BUF
WR,Tyrell,Shavers,BUF,3200,BAL@BUF
WR,Keon,Coleman,BUF,2800,BAL@BUF
WR,Kaden,Prather,BUF,2000,BAL@BUF
WR,Stephen,Gosnell,BUF,2000,BAL@BUF
WR,LaJohntay,Wester,BAL,2000,BAL@BUF
WR,Kristian,Wilkerson,BUF,2000,BAL@BUF
WR,Laviska,Shenault Jr.,BUF,2000,BAL@BUF
WR,Deon,Cain,BUF,2000,BAL@BUF
WR,Justin,Jefferson,MIN,7600,MIN@CHI
WR,Tim,Jones,MIN,2000,MIN@CHI
WR,Jalen,Nailor,MIN,2400,MIN@CHI
WR,Jordan,Addison,MIN,2400,MIN@CHI
WR,Thayer,Thomas,MIN,2000,MIN@CHI
WR,Lucky,Jackson,MIN,2000,MIN@CHI
WR,Jeshaun,Jones,MIN,2000,MIN@CHI
WR,Tai,Felton,MIN,2000,MIN@CHI
WR,Silas,Bolden,MIN,2000,MIN@CHI
WR,Dontae,Fleming,MIN,2000,MIN@CHI
WR,Robert,Lewis,MIN,2000,MIN@CHI
WR,Myles,Price,MIN,2000,MIN@CHI
WR,DJ,Moore,CHI,5400,MIN@CHI
WR,Miles,Boykin,CHI,2000,MIN@CHI
WR,Olamide,Zaccheaus,CHI,2000,MIN@CHI
WR,Devin,Duvernay,CHI,2000,MIN@CHI
WR,Samori,Toure,CHI,2000,MIN@CHI
WR,Maurice,Alexander,CHI,2000,MIN@CHI
WR,Tyler,Scott,CHI,2000,MIN@CHI
WR,Rome,Odunze,CHI,3400,MIN@CHI
WR,JP,Richardson,CHI,2000,MIN@CHI
WR,Luther,Burden III,CHI,2800,MIN@CHI
WR,Jahdae,Walker,CHI,2000,MIN@CHI
