season,week,gameday,weekday,away_team,home_team
2024,1,2024-09-05,Thursday,BAL,KC
2024,1,2024-09-06,Friday,GB,PHI
2024,1,2024-09-08,Sunday,PIT,ATL
2024,1,2024-09-08,Sunday,ARI,BUF
2024,1,2024-09-08,Sunday,TEN,CHI
2024,1,2024-09-08,Sunday,NE,CIN
2024,1,2024-09-08,Sunday,HOU,IND
2024,1,2024-09-08,Sunday,JAX,MIA
2024,1,2024-09-08,Sunday,CAR,NO
2024,1,2024-09-08,Sunday,MIN,NYG
2024,1,2024-09-08,Sunday,LV,LAC
2024,1,2024-09-08,Sunday,DEN,SEA
2024,1,2024-09-08,Sunday,DAL,CLE
2024,1,2024-09-08,Sunday,WAS,TB
2024,1,2024-09-08,Sunday,LA,DET
2024,1,2024-09-09,Monday,NYJ,SF
2024,2,2024-09-12,Thursday,BUF,MIA
2024,2,2024-09-15,Sunday,LV,BAL
2024,2,2024-09-15,Sunday,LAC,CAR
2024,2,2024-09-15,Sunday,NO,DAL
2024,2,2024-09-15,Sunday,TB,DET
2024,2,2024-09-15,Sunday,IND,GB
2024,2,2024-09-15,Sunday,CLE,JAX
2024,2,2024-09-15,Sunday,SF,MIN
2024,2,2024-09-15,Sunday,SEA,NE
2024,2,2024-09-15,Sunday,NYJ,TEN
2024,2,2024-09-15,Sunday,NYG,WAS
2024,2,2024-09-15,Sunday,LA,ARI
2024,2,2024-09-15,Sunday,PIT,DEN
2024,2,2024-09-15,Sunday,CIN,KC
2024,2,2024-09-15,Sunday,CHI,HOU
2024,2,2024-09-16,Monday,ATL,PHI
2024,3,2024-09-19,Thursday,NE,NYJ
2024,3,2024-09-22,Sunday,NYG,CLE
2024,3,2024-09-22,Sunday,CHI,IND
2024,3,2024-09-22,Sunday,HOU,MIN
2024,3,2024-09-22,Sunday,PHI,NO
2024,3,2024-09-22,Sunday,LAC,PIT
2024,3,2024-09-22,Sunday,DEN,TB
2024,3,2024-09-22,Sunday,GB,TEN
2024,3,2024-09-22,Sunday,CAR,LV
2024,3,2024-09-22,Sunday,MIA,SEA
2024,3,2024-09-22,Sunday,DET,ARI
2024,3,2024-09-22,Sunday,BAL,DAL
2024,3,2024-09-22,Sunday,SF,LA
2024,3,2024-09-22,Sunday,KC,ATL
2024,3,2024-09-23,Monday,JAX,BUF
2024,3,2024-09-23,Monday,WAS,CIN
2024,4,2024-09-26,Thursday,DAL,NYG
2024,4,2024-09-29,Sunday,NO,ATL
2024,4,2024-09-29,Sunday,CIN,CAR
2024,4,2024-09-29,Sunday,LA,CHI
2024,4,2024-09-29,Sunday,MIN,GB
2024,4,2024-09-29,Sunday,JAX,HOU
2024,4,2024-09-29,Sunday,PIT,IND
2024,4,2024-09-29,Sunday,DEN,NYJ
2024,4,2024-09-29,Sunday,PHI,TB
2024,4,2024-09-29,Sunday,WAS,ARI
2024,4,2024-09-29,Sunday,NE,SF
2024,4,2024-09-29,Sunday,KC,LAC
2024,4,2024-09-29,Sunday,CLE,LV
2024,4,2024-09-29,Sunday,BUF,BAL
2024,4,2024-09-30,Monday,TEN,MIA
2024,4,2024-09-30,Monday,SEA,DET
2024,5,2024-10-03,Thursday,TB,ATL
2024,5,2024-10-06,Sunday,NYJ,MIN
2024,5,2024-10-06,Sunday,CAR,CHI
2024,5,2024-10-06,Sunday,BAL,CIN
2024,5,2024-10-06,Sunday,BUF,HOU
2024,5,2024-10-06,Sunday,IND,JAX
2024,5,2024-10-06,Sunday,MIA,NE
2024,5,2024-10-06,Sunday,CLE,WAS
2024,5,2024-10-06,Sunday,LV,DEN
2024,5,2024-10-06,Sunday,ARI,SF
2024,5,2024-10-06,Sunday,GB,LA
2024,5,2024-10-06,Sunday,NYG,SEA
2024,5,2024-10-06,Sunday,DAL,PIT
2024,5,2024-10-07,Monday,NO,KC
2024,6,2024-10-10,Thursday,SF,SEA
2024,6,2024-10-13,Sunday,JAX,CHI
2024,6,2024-10-13,Sunday,WAS,BAL
2024,6,2024-10-13,Sunday,ARI,GB
2024,6,2024-10-13,Sunday,HOU,NE
2024,6,2024-10-13,Sunday,TB,NO
2024,6,2024-10-13,Sunday,CLE,PHI
2024,6,2024-10-13,Sunday,IND,TEN
2024,6,2024-10-13,Sunday,LAC,DEN
2024,6,2024-10-13,Sunday,PIT,LV
2024,6,2024-10-13,Sunday,ATL,CAR
2024,6,2024-10-13,Sunday,DET,DAL
2024,6,2024-10-13,Sunday,CIN,NYG
2024,6,2024-10-14,Monday,BUF,NYJ
2024,7,2024-10-17,Thursday,DEN,NO
2024,7,2024-10-20,Sunday,NE,JAX
2024,7,2024-10-20,Sunday,SEA,ATL
2024,7,2024-10-20,Sunday,TEN,BUF
2024,7,2024-10-20,Sunday,CIN,CLE
2024,7,2024-10-20,Sunday,HOU,GB
2024,7,2024-10-20,Sunday,MIA,IND
2024,7,2024-10-20,Sunday,DET,MIN
2024,7,2024-10-20,Sunday,PHI,NYG
2024,7,2024-10-20,Sunday,LV,LA
2024,7,2024-10-20,Sunday,CAR,WAS
2024,7,2024-10-20,Sunday,KC,SF
2024,7,2024-10-20,Sunday,NYJ,PIT
2024,7,2024-10-21,Monday,BAL,TB
2024,7,2024-10-21,Monday,LAC,ARI
2024,8,2024-10-24,Thursday,MIN,LA
2024,8,2024-10-27,Sunday,PHI,CIN
2024,8,2024-10-27,Sunday,BAL,CLE
2024,8,2024-10-27,Sunday,TEN,DET
2024,8,2024-10-27,Sunday,IND,HOU
2024,8,2024-10-27,Sunday,GB,JAX
2024,8,2024-10-27,Sunday,ARI,MIA
2024,8,2024-10-27,Sunday,NYJ,NE
2024,8,2024-10-27,Sunday,ATL,TB
2024,8,2024-10-27,Sunday,NO,LAC
2024,8,2024-10-27,Sunday,BUF,SEA
2024,8,2024-10-27,Sunday,CAR,DEN
2024,8,2024-10-27,Sunday,KC,LV
2024,8,2024-10-27,Sunday,CHI,WAS
2024,8,2024-10-27,Sunday,DAL,SF
2024,8,2024-10-28,Monday,NYG,PIT
2024,9,2024-10-31,Thursday,HOU,NYJ
2024,9,2024-11-03,Sunday,DAL,ATL
2024,9,2024-11-03,Sunday,DEN,BAL
2024,9,2024-11-03,Sunday,MIA,BUF
2024,9,2024-11-03,Sunday,NO,CAR
2024,9,2024-11-03,Sunday,LV,CIN
2024,9,2024-11-03,Sunday,LAC,CLE
2024,9,2024-11-03,Sunday,WAS,NYG
2024,9,2024-11-03,Sunday,NE,TEN
2024,9,2024-11-03,Sunday,CHI,ARI
2024,9,2024-11-03,Sunday,JAX,PHI
2024,9,2024-11-03,Sunday,DET,GB
2024,9,2024-11-03,Sunday,LA,SEA
2024,9,2024-11-03,Sunday,IND,MIN
2024,9,2024-11-04,Monday,TB,KC
2024,10,2024-11-07,Thursday,CIN,BAL
2024,10,2024-11-10,Sunday,NYG,CAR
2024,10,2024-11-10,Sunday,NE,CHI
2024,10,2024-11-10,Sunday,BUF,IND
2024,10,2024-11-10,Sunday,MIN,JAX
2024,10,2024-11-10,Sunday,DEN,KC
2024,10,2024-11-10,Sunday,ATL,NO
2024,10,2024-11-10,Sunday,SF,TB
2024,10,2024-11-10,Sunday,PIT,WAS
2024,10,2024-11-10,Sunday,TEN,LAC
2024,10,2024-11-10,Sunday,NYJ,ARI
2024,10,2024-11-10,Sunday,PHI,DAL
2024,10,2024-11-10,Sunday,DET,HOU
2024,10,2024-11-11,Monday,MIA,LA
2024,11,2024-11-14,Thursday,WAS,PHI
2024,11,2024-11-17,Sunday,GB,CHI
2024,11,2024-11-17,Sunday,JAX,DET
2024,11,2024-11-17,Sunday,LV,MIA
2024,11,2024-11-17,Sunday,LA,NE
2024,11,2024-11-17,Sunday,CLE,NO
2024,11,2024-11-17,Sunday,IND,NYJ
2024,11,2024-11-17,Sunday,BAL,PIT
2024,11,2024-11-17,Sunday,MIN,TEN
2024,11,2024-11-17,Sunday,ATL,DEN
2024,11,2024-11-17,Sunday,SEA,SF
2024,11,2024-11-17,Sunday,KC,BUF
2024,11,2024-11-17,Sunday,CIN,LAC
2024,11,2024-11-18,Monday,HOU,DAL
2024,12,2024-11-21,Thursday,PIT,CLE
2024,12,2024-11-24,Sunday,KC,CAR
2024,12,2024-11-24,Sunday,MIN,CHI
2024,12,2024-11-24,Sunday,TEN,HOU
2024,12,2024-11-24,Sunday,DET,IND
2024,12,2024-11-24,Sunday,NE,MIA
2024,12,2024-11-24,Sunday,TB,NYG
2024,12,2024-11-24,Sunday,DAL,WAS
2024,12,2024-11-24,Sunday,DEN,LV
2024,12,2024-11-24,Sunday,SF,GB
2024,12,2024-11-24,Sunday,ARI,SEA
2024,12,2024-11-24,Sunday,PHI,LA
2024,12,2024-11-25,Monday,BAL,LAC
2024,13,2024-11-28,Thursday,CHI,DET
2024,13,2024-11-28,Thursday,NYG,DAL
2024,13,2024-11-28,Thursday,MIA,GB
2024,13,2024-11-29,Friday,LV,KC
2024,13,2024-12-01,Sunday,LAC,ATL
2024,13,2024-12-01,Sunday,PIT,CIN
2024,13,2024-12-01,Sunday,HOU,JAX
2024,13,2024-12-01,Sunday,ARI,MIN
2024,13,2024-12-01,Sunday,IND,NE
2024,13,2024-12-01,Sunday,SEA,NYJ
2024,13,2024-12-01,Sunday,TEN,WAS
2024,13,2024-12-01,Sunday,TB,CAR
2024,13,2024-12-01,Sunday,LA,NO
2024,13,2024-12-01,Sunday,PHI,BAL
2024,13,2024-12-01,Sunday,SF,BUF
2024,13,2024-12-02,Monday,CLE,DEN
2024,14,2024-12-05,Thursday,GB,DET
2024,14,2024-12-08,Sunday,NYJ,MIA
2024,14,2024-12-08,Sunday,ATL,MIN
2024,14,2024-12-08,Sunday,NO,NYG
2024,14,2024-12-08,Sunday,CAR,PHI
2024,14,2024-12-08,Sunday,CLE,PIT
2024,14,2024-12-08,Sunday,LV,TB
2024,14,2024-12-08,Sunday,JAX,TEN
2024,14,2024-12-08,Sunday,SEA,ARI
2024,14,2024-12-08,Sunday,BUF,LA
2024,14,2024-12-08,Sunday,CHI,SF
2024,14,2024-12-08,Sunday,LAC,KC
2024,14,2024-12-09,Monday,CIN,DAL
2024,15,2024-12-12,Thursday,LA,SF
2024,15,2024-12-15,Sunday,DAL,CAR
2024,15,2024-12-15,Sunday,KC,CLE
2024,15,2024-12-15,Sunday,MIA,HOU
2024,15,2024-12-15,Sunday,NYJ,JAX
2024,15,2024-12-15,Sunday,WAS,NO
2024,15,2024-12-15,Sunday,BAL,NYG
2024,15,2024-12-15,Sunday,CIN,TEN
2024,15,2024-12-15,Sunday,NE,ARI
2024,15,2024-12-15,Sunday,IND,DEN
2024,15,2024-12-15,Sunday,BUF,DET
2024,15,2024-12-15,Sunday,TB,LAC
2024,15,2024-12-15,Sunday,PIT,PHI
2024,15,2024-12-15,Sunday,GB,SEA
2024,15,2024-12-16,Monday,CHI,MIN
2024,15,2024-12-16,Monday,ATL,LV
2024,16,2024-12-19,Thursday,DEN,LAC
2024,16,2024-12-21,Saturday,HOU,KC
2024,16,2024-12-21,Saturday,PIT,BAL
2024,16,2024-12-22,Sunday,NYG,ATL
2024,16,2024-12-22,Sunday,ARI,CAR
2024,16,2024-12-22,Sunday,DET,CHI
2024,16,2024-12-22,Sunday,CLE,CIN
2024,16,2024-12-22,Sunday,TEN,IND
2024,16,2024-12-22,Sunday,LA,NYJ
2024,16,2024-12-22,Sunday,PHI,WAS
2024,16,2024-12-22,Sunday,MIN,SEA
2024,16,2024-12-22,Sunday,NE,BUF
2024,16,2024-12-22,Sunday,JAX,LV
2024,16,2024-12-22,Sunday,SF,MIA
2024,16,2024-12-22,Sunday,TB,DAL
2024,16,2024-12-23,Monday,NO,GB
2024,17,2024-12-25,Wednesday,KC,PIT
2024,17,2024-12-25,Wednesday,BAL,HOU
2024,17,2024-12-26,Thursday,SEA,CHI
2024,17,2024-12-28,Saturday,LAC,NE
2024,17,2024-12-28,Saturday,DEN,CIN
2024,17,2024-12-28,Saturday,ARI,LA
2024,17,2024-12-29,Sunday,NYJ,BUF
2024,17,2024-12-29,Sunday,TEN,JAX
2024,17,2024-12-29,Sunday,LV,NO
2024,17,2024-12-29,Sunday,IND,NYG
2024,17,2024-12-29,Sunday,DAL,PHI
2024,17,2024-12-29,Sunday,CAR,TB
2024,17,2024-12-29,Sunday,MIA,CLE
2024,17,2024-12-29,Sunday,GB,MIN
2024,17,2024-12-29,Sunday,ATL,WAS
2024,17,2024-12-30,Monday,DET,SF
2024,18,2025-01-04,Saturday,CLE,BAL
2024,18,2025-01-04,Saturday,CIN,PIT
2024,18,2025-01-05,Sunday,CAR,ATL
2024,18,2025-01-05,Sunday,WAS,DAL
2024,18,2025-01-05,Sunday,CHI,GB
2024,18,2025-01-05,Sunday,JAX,IND
2024,18,2025-01-05,Sunday,BUF,NE
2024,18,2025-01-05,Sunday,NYG,PHI
2024,18,2025-01-05,Sunday,NO,TB
2024,18,2025-01-05,Sunday,HOU,TEN
2024,18,2025-01-05,Sunday,SF,ARI
2024,18,2025-01-05,Sunday,KC,DEN
2024,18,2025-01-05,Sunday,SEA,LA
2024,18,2025-01-05,Sunday,LAC,LV
2024,18,2025-01-05,Sunday,MIA,NYJ
2024,18,2025-01-05,Sunday,MIN,DET
2024,19,2025-01-11,Saturday,LAC,HOU
2024,19,2025-01-11,Saturday,PIT,BAL
2024,19,2025-01-12,Sunday,DEN,BUF
2024,19,2025-01-12,Sunday,GB,PHI
2024,19,2025-01-12,Sunday,WAS,TB
2024,19,2025-01-13,Monday,MIN,LA
2024,20,2025-01-18,Saturday,HOU,KC
2024,20,2025-01-18,Saturday,WAS,DET
2024,20,2025-01-19,Sunday,LA,PHI
2024,20,2025-01-19,Sunday,BAL,BUF
2024,21,2025-01-26,Sunday,WAS,PHI
2024,21,2025-01-26,Sunday,BUF,KC
2024,22,2025-02-09,Sunday,KC,PHI
2025,1,2025-09-04,Thursday,DAL,PHI
2025,1,2025-09-05,Friday,KC,LAC
2025,1,2025-09-07,Sunday,TB,ATL
2025,1,2025-09-07,Sunday,CIN,CLE
2025,1,2025-09-07,Sunday,MIA,IND
2025,1,2025-09-07,Sunday,CAR,JAX
2025,1,2025-09-07,Sunday,LV,NE
2025,1,2025-09-07,Sunday,ARI,NO
2025,1,2025-09-07,Sunday,PIT,NYJ
2025,1,2025-09-07,Sunday,NYG,WAS
2025,1,2025-09-07,Sunday,TEN,DEN
2025,1,2025-09-07,Sunday,SF,SEA
2025,1,2025-09-07,Sunday,DET,GB
2025,1,2025-09-07,Sunday,HOU,LA
2025,1,2025-09-07,Sunday,BAL,BUF
2025,1,2025-09-08,Monday,MIN,CHI
2025,2,2025-09-11,Thursday,WAS,GB
2025,2,2025-09-14,Sunday,CLE,BAL
2025,2,2025-09-14,Sunday,JAX,CIN
2025,2,2025-09-14,Sunday,NYG,DAL
2025,2,2025-09-14,Sunday,CHI,DET
2025,2,2025-09-14,Sunday,NE,MIA
2025,2,2025-09-14,Sunday,SF,NO
2025,2,2025-09-14,Sunday,BUF,NYJ
2025,2,2025-09-14,Sunday,SEA,PIT
2025,2,2025-09-14,Sunday,LA,TEN
2025,2,2025-09-14,Sunday,CAR,ARI
2025,2,2025-09-14,Sunday,DEN,IND
2025,2,2025-09-14,Sunday,PHI,KC
2025,2,2025-09-14,Sunday,ATL,MIN
2025,2,2025-09-15,Monday,TB,HOU
2025,2,2025-09-15,Monday,LAC,LV
2025,3,2025-09-18,Thursday,MIA,BUF
2025,3,2025-09-21,Sunday,ATL,CAR
2025,3,2025-09-21,Sunday,GB,CLE
2025,3,2025-09-21,Sunday,HOU,JAX
2025,3,2025-09-21,Sunday,CIN,MIN
2025,3,2025-09-21,Sunday,PIT,NE
2025,3,2025-09-21,Sunday,LA,PHI
2025,3,2025-09-21,Sunday,NYJ,TB
2025,3,2025-09-21,Sunday,IND,TEN
2025,3,2025-09-21,Sunday,LV,WAS
2025,3,2025-09-21,Sunday,DEN,LAC
2025,3,2025-09-21,Sunday,NO,SEA
2025,3,2025-09-21,Sunday,DAL,CHI
2025,3,2025-09-21,Sunday,ARI,SF
2025,3,2025-09-21,Sunday,KC,NYG
2025,3,2025-09-22,Monday,DET,BAL
2025,4,2025-09-25,Thursday,SEA,ARI
2025,4,2025-09-28,Sunday,MIN,PIT
2025,4,2025-09-28,Sunday,WAS,ATL
2025,4,2025-09-28,Sunday,NO,BUF
2025,4,2025-09-28,Sunday,CLE,DET
2025,4,2025-09-28,Sunday,TEN,HOU
2025,4,2025-09-28,Sunday,CAR,NE
2025,4,2025-09-28,Sunday,LAC,NYG
2025,4,2025-09-28,Sunday,PHI,TB
2025,4,2025-09-28,Sunday,IND,LA
2025,4,2025-09-28,Sunday,JAX,SF
2025,4,2025-09-28,Sunday,BAL,KC
2025,4,2025-09-28,Sunday,CHI,LV
2025,4,2025-09-28,Sunday,GB,DAL
2025,4,2025-09-29,Monday,NYJ,MIA
2025,4,2025-09-29,Monday,CIN,DEN
2025,5,2025-10-02,Thursday,SF,LA
2025,5,2025-10-05,Sunday,MIN,CLE
2025,5,2025-10-05,Sunday,HOU,BAL
2025,5,2025-10-05,Sunday,MIA,CAR
2025,5,2025-10-05,Sunday,LV,IND
2025,5,2025-10-05,Sunday,NYG,NO
2025,5,2025-10-05,Sunday,DAL,NYJ
2025,5,2025-10-05,Sunday,DEN,PHI
2025,5,2025-10-05,Sunday,TEN,ARI
2025,5,2025-10-05,Sunday,TB,SEA
2025,5,2025-10-05,Sunday,DET,CIN
2025,5,2025-10-05,Sunday,WAS,LAC
2025,5,2025-10-05,Sunday,NE,BUF
2025,5,2025-10-06,Monday,KC,JAX
2025,6,2025-10-09,Thursday,PHI,NYG
2025,6,2025-10-12,Sunday,DEN,NYJ
2025,6,2025-10-12,Sunday,LA,BAL
2025,6,2025-10-12,Sunday,DAL,CAR
2025,6,2025-10-12,Sunday,ARI,IND
2025,6,2025-10-12,Sunday,SEA,JAX
2025,6,2025-10-12,Sunday,LAC,MIA
2025,6,2025-10-12,Sunday,NE,NO
2025,6,2025-10-12,Sunday,CLE,PIT
2025,6,2025-10-12,Sunday,TEN,LV
2025,6,2025-10-12,Sunday,CIN,GB
2025,6,2025-10-12,Sunday,SF,TB
2025,6,2025-10-12,Sunday,DET,KC
2025,6,2025-10-13,Monday,BUF,ATL
2025,6,2025-10-13,Monday,CHI,WAS
2025,7,2025-10-16,Thursday,PIT,CIN
2025,7,2025-10-19,Sunday,LA,JAX
2025,7,2025-10-19,Sunday,NO,CHI
2025,7,2025-10-19,Sunday,MIA,CLE
2025,7,2025-10-19,Sunday,LV,KC
2025,7,2025-10-19,Sunday,PHI,MIN
2025,7,2025-10-19,Sunday,CAR,NYJ
2025,7,2025-10-19,Sunday,NE,TEN
2025,7,2025-10-19,Sunday,NYG,DEN
2025,7,2025-10-19,Sunday,IND,LAC
2025,7,2025-10-19,Sunday,GB,ARI
2025,7,2025-10-19,Sunday,WAS,DAL
2025,7,2025-10-19,Sunday,ATL,SF
2025,7,2025-10-20,Monday,TB,DET
2025,7,2025-10-20,Monday,HOU,SEA
2025,8,2025-10-23,Thursday,MIN,LAC
2025,8,2025-10-26,Sunday,MIA,ATL
2025,8,2025-10-26,Sunday,CHI,BAL
2025,8,2025-10-26,Sunday,BUF,CAR
2025,8,2025-10-26,Sunday,NYJ,CIN
2025,8,2025-10-26,Sunday,SF,HOU
2025,8,2025-10-26,Sunday,CLE,NE
2025,8,2025-10-26,Sunday,NYG,PHI
2025,8,2025-10-26,Sunday,TB,NO
2025,8,2025-10-26,Sunday,DAL,DEN
2025,8,2025-10-26,Sunday,TEN,IND
2025,8,2025-10-26,Sunday,GB,PIT
2025,8,2025-10-27,Monday,WAS,KC
2025,9,2025-10-30,Thursday,BAL,MIA
2025,9,2025-11-02,Sunday,CHI,CIN
2025,9,2025-11-02,Sunday,MIN,DET
2025,9,2025-11-02,Sunday,CAR,GB
2025,9,2025-11-02,Sunday,DEN,HOU
2025,9,2025-11-02,Sunday,ATL,NE
2025,9,2025-11-02,Sunday,SF,NYG
2025,9,2025-11-02,Sunday,IND,PIT
2025,9,2025-11-02,Sunday,LAC,TEN
2025,9,2025-11-02,Sunday,NO,LA
2025,9,2025-11-02,Sunday,JAX,LV
2025,9,2025-11-02,Sunday,KC,BUF
2025,9,2025-11-02,Sunday,SEA,WAS
2025,9,2025-11-03,Monday,ARI,DAL
2025,10,2025-11-06,Thursday,LV,DEN
2025,10,2025-11-09,Sunday,ATL,IND
2025,10,2025-11-09,Sunday,NO,CAR
2025,10,2025-11-09,Sunday,NYG,CHI
2025,10,2025-11-09,Sunday,JAX,HOU
2025,10,2025-11-09,Sunday,BUF,MIA
2025,10,2025-11-09,Sunday,BAL,MIN
2025,10,2025-11-09,Sunday,CLE,NYJ
2025,10,2025-11-09,Sunday,NE,TB
2025,10,2025-11-09,Sunday,ARI,SEA
2025,10,2025-11-09,Sunday,LA,SF
2025,10,2025-11-09,Sunday,DET,WAS
2025,10,2025-11-09,Sunday,PIT,LAC
2025,10,2025-11-10,Monday,PHI,GB
2025,11,2025-11-13,Thursday,NYJ,NE
2025,11,2025-11-16,Sunday,WAS,MIA
2025,11,2025-11-16,Sunday,CAR,ATL
2025,11,2025-11-16,Sunday,TB,BUF
2025,11,2025-11-16,Sunday,LAC,JAX
2025,11,2025-11-16,Sunday,CHI,MIN
2025,11,2025-11-16,Sunday,GB,NYG
2025,11,2025-11-16,Sunday,CIN,PIT
2025,11,2025-11-16,Sunday,HOU,TEN
2025,11,2025-11-16,Sunday,SF,ARI
2025,11,2025-11-16,Sunday,SEA,LA
2025,11,2025-11-16,Sunday,BAL,CLE
2025,11,2025-11-16,Sunday,KC,DEN
2025,11,2025-11-16,Sunday,DET,PHI
2025,11,2025-11-17,Monday,DAL,LV
2025,12,2025-11-20,Thursday,BUF,HOU
2025,12,2025-11-23,Sunday,NYJ,BAL
2025,12,2025-11-23,Sunday,PIT,CHI
2025,12,2025-11-23,Sunday,NE,CIN
2025,12,2025-11-23,Sunday,NYG,DET
2025,12,2025-11-23,Sunday,MIN,GB
2025,12,2025-11-23,Sunday,IND,KC
2025,12,2025-11-23,Sunday,SEA,TEN
2025,12,2025-11-23,Sunday,JAX,ARI
2025,12,2025-11-23,Sunday,CLE,LV
2025,12,2025-11-23,Sunday,PHI,DAL
2025,12,2025-11-23,Sunday,ATL,NO
2025,12,2025-11-23,Sunday,TB,LA
2025,12,2025-11-24,Monday,CAR,SF
2025,13,2025-11-27,Thursday,GB,DET
2025,13,2025-11-27,Thursday,KC,DAL
2025,13,2025-11-27,Thursday,CIN,BAL
2025,13,2025-11-28,Friday,CHI,PHI
2025,13,2025-11-30,Sunday,LA,CAR
2025,13,2025-11-30,Sunday,SF,CLE
2025,13,2025-11-30,Sunday,HOU,IND
2025,13,2025-11-30,Sunday,NO,MIA
2025,13,2025-11-30,Sunday,ATL,NYJ
2025,13,2025-11-30,Sunday,ARI,TB
2025,13,2025-11-30,Sunday,JAX,TEN
2025,13,2025-11-30,Sunday,MIN,SEA
2025,13,2025-11-30,Sunday,LV,LAC
2025,13,2025-11-30,Sunday,BUF,PIT
2025,13,2025-11-30,Sunday,DEN,WAS
2025,13,2025-12-01,Monday,NYG,NE
2025,14,2025-12-04,Thursday,DAL,DET
2025,14,2025-12-07,Sunday,SEA,ATL
2025,14,2025-12-07,Sunday,PIT,BAL
2025,14,2025-12-07,Sunday,CIN,BUF
2025,14,2025-12-07,Sunday,TEN,CLE
2025,14,2025-12-07,Sunday,IND,JAX
2025,14,2025-12-07,Sunday,WAS,MIN
2025,14,2025-12-07,Sunday,MIA,NYJ
2025,14,2025-12-07,Sunday,NO,TB
2025,14,2025-12-07,Sunday,DEN,LV
2025,14,2025-12-07,Sunday,LA,ARI
2025,14,2025-12-07,Sunday,CHI,GB
2025,14,2025-12-07,Sunday,HOU,KC
2025,14,2025-12-08,Monday,PHI,LAC
2025,15,2025-12-11,Thursday,ATL,TB
2025,15,2025-12-14,Sunday,CLE,CHI
2025,15,2025-12-14,Sunday,BAL,CIN
2025,15,2025-12-14,Sunday,ARI,HOU
2025,15,2025-12-14,Sunday,NYJ,JAX
2025,15,2025-12-14,Sunday,LAC,KC
2025,15,2025-12-14,Sunday,BUF,NE
2025,15,2025-12-14,Sunday,WAS,NYG
2025,15,2025-12-14,Sunday,LV,PHI
2025,15,2025-12-14,Sunday,GB,DEN
2025,15,2025-12-14,Sunday,DET,LA
2025,15,2025-12-14,Sunday,CAR,NO
2025,15,2025-12-14,Sunday,IND,SEA
2025,15,2025-12-14,Sunday,TEN,SF
2025,15,2025-12-14,Sunday,MIN,DAL
2025,15,2025-12-15,Monday,MIA,PIT
2025,16,2025-12-18,Thursday,LA,SEA
2025,16,2025-12-20,Saturday,PHI,WAS
2025,16,2025-12-20,Saturday,GB,CHI
2025,16,2025-12-21,Sunday,TB,CAR
2025,16,2025-12-21,Sunday,BUF,CLE
2025,16,2025-12-21,Sunday,LAC,DAL
2025,16,2025-12-21,Sunday,CIN,MIA
2025,16,2025-12-21,Sunday,NYJ,NO
2025,16,2025-12-21,Sunday,MIN,NYG
2025,16,2025-12-21,Sunday,KC,TEN
2025,16,2025-12-21,Sunday,ATL,ARI
2025,16,2025-12-21,Sunday,JAX,DEN
2025,16,2025-12-21,Sunday,PIT,DET
2025,16,2025-12-21,Sunday,LV,HOU
2025,16,2025-12-21,Sunday,NE,BAL
2025,16,2025-12-22,Monday,SF,IND
2025,17,2025-12-25,Thursday,DAL,WAS
2025,17,2025-12-25,Thursday,DET,MIN
2025,17,2025-12-25,Thursday,DEN,KC
2025,17,2025-12-27,Saturday,HOU,LAC
2025,17,2025-12-27,Saturday,BAL,GB
2025,17,2025-12-28,Sunday,SEA,CAR
2025,17,2025-12-28,Sunday,ARI,CIN
2025,17,2025-12-28,Sunday,PIT,CLE
2025,17,2025-12-28,Sunday,JAX,IND
2025,17,2025-12-28,Sunday,TB,MIA
2025,17,2025-12-28,Sunday,NE,NYJ
2025,17,2025-12-28,Sunday,NO,TEN
2025,17,2025-12-28,Sunday,NYG,LV
2025,17,2025-12-28,Sunday,PHI,BUF
2025,17,2025-12-28,Sunday,CHI,SF
2025,17,2025-12-29,Monday,LA,ATL
2025,18,2026-01-03,Saturday,CAR,TB
2025,18,2026-01-03,Saturday,SEA,SF
2025,18,2026-01-04,Sunday,NO,ATL
2025,18,2026-01-04,Sunday,CLE,CIN
2025,18,2026-01-04,Sunday,IND,HOU
2025,18,2026-01-04,Sunday,TEN,JAX
2025,18,2026-01-04,Sunday,GB,MIN
2025,18,2026-01-04,Sunday,DAL,NYG
2025,18,2026-01-04,Sunday,NYJ,BUF
2025,18,2026-01-04,Sunday,DET,CHI
2025,18,2026-01-04,Sunday,LAC,DEN
2025,18,2026-01-04,Sunday,ARI,LA
2025,18,2026-01-04,Sunday,KC,LV
2025,18,2026-01-04,Sunday,MIA,NE
2025,18,2026-01-04,Sunday,WAS,PHI
2025,18,2026-01-04,Sunday,BAL,PIT
2025,19,2026-01-10,Saturday,LA,CAR
2025,19,2026-01-10,Saturday,GB,CHI
2025,19,2026-01-11,Sunday,BUF,JAX
2025,19,2026-01-11,Sunday,SF,PHI
2025,19,2026-01-11,Sunday,LAC,NE
2025,19,2026-01-12,Monday,HOU,PIT
2025,20,2026-01-17,Saturday,BUF,DEN
2025,20,2026-01-17,Saturday,SF,SEA
2025,20,2026-01-18,Sunday,HOU,NE
2025,20,2026-01-18,Sunday,LA,CHI
2025,21,2026-01-25,Sunday,NE,DEN
2025,21,2026-01-25,Sunday,LA,SEA
2025,22,2026-02-08,Sunday,SEA,NE
2026,1,2026-09-09,Wednesday,NE,SEA
2026,1,2026-09-10,Thursday,SF,LA
2026,1,2026-09-13,Sunday,CHI,CAR
2026,1,2026-09-13,Sunday,TB,CIN
2026,1,2026-09-13,Sunday,NO,DET
2026,1,2026-09-13,Sunday,BUF,HOU
2026,1,2026-09-13,Sunday,BAL,IND
2026,1,2026-09-13,Sunday,CLE,JAX
2026,1,2026-09-13,Sunday,ATL,PIT
2026,1,2026-09-13,Sunday,NYJ,TEN
2026,1,2026-09-13,Sunday,ARI,LAC
2026,1,2026-09-13,Sunday,MIA,LV
2026,1,2026-09-13,Sunday,GB,MIN
2026,1,2026-09-13,Sunday,WAS,PHI
2026,1,2026-09-13,Sunday,DAL,NYG
2026,1,2026-09-14,Monday,DEN,KC
2026,2,2026-09-17,Thursday,DET,BUF
2026,2,2026-09-20,Sunday,CAR,ATL
2026,2,2026-09-20,Sunday,NO,BAL
2026,2,2026-09-20,Sunday,MIN,CHI
2026,2,2026-09-20,Sunday,CIN,HOU
2026,2,2026-09-20,Sunday,PIT,NE
2026,2,2026-09-20,Sunday,GB,NYJ
2026,2,2026-09-20,Sunday,CLE,TB
2026,2,2026-09-20,Sunday,PHI,TEN
2026,2,2026-09-20,Sunday,JAX,DEN
2026,2,2026-09-20,Sunday,LV,LAC
2026,2,2026-09-20,Sunday,SEA,ARI
2026,2,2026-09-20,Sunday,WAS,DAL
2026,2,2026-09-20,Sunday,MIA,SF
2026,2,2026-09-20,Sunday,IND,KC
2026,2,2026-09-21,Monday,NYG,LA
2026,3,2026-09-24,Thursday,ATL,GB
2026,3,2026-09-27,Sunday,LAC,BUF
2026,3,2026-09-27,Sunday,CAR,CLE
2026,3,2026-09-27,Sunday,NYJ,DET
2026,3,2026-09-27,Sunday,HOU,IND
2026,3,2026-09-27,Sunday,NE,JAX
2026,3,2026-09-27,Sunday,KC,MIA
2026,3,2026-09-27,Sunday,TEN,NYG
2026,3,2026-09-27,Sunday,CIN,PIT
2026,3,2026-09-27,Sunday,SEA,WAS
2026,3,2026-09-27,Sunday,ARI,SF
2026,3,2026-09-27,Sunday,MIN,TB
2026,3,2026-09-27,Sunday,BAL,DAL
2026,3,2026-09-27,Sunday,LV,NO
2026,3,2026-09-27,Sunday,LA,DEN
2026,3,2026-09-28,Monday,PHI,CHI
2026,4,2026-10-01,Thursday,PIT,CLE
2026,4,2026-10-04,Sunday,IND,WAS
2026,4,2026-10-04,Sunday,TEN,BAL
2026,4,2026-10-04,Sunday,NE,BUF
2026,4,2026-10-04,Sunday,NYJ,CHI
2026,4,2026-10-04,Sunday,JAX,CIN
2026,4,2026-10-04,Sunday,DAL,HOU
2026,4,2026-10-04,Sunday,ARI,NYG
2026,4,2026-10-04,Sunday,LA,PHI
2026,4,2026-10-04,Sunday,GB,TB
2026,4,2026-10-04,Sunday,MIA,MIN
2026,4,2026-10-04,Sunday,KC,LV
2026,4,2026-10-04,Sunday,LAC,SEA
2026,4,2026-10-04,Sunday,DEN,SF
2026,4,2026-10-04,Sunday,DET,CAR
2026,4,2026-10-05,Monday,ATL,NO
2026,5,2026-10-08,Thursday,TB,DAL
2026,5,2026-10-11,Sunday,PHI,JAX
2026,5,2026-10-11,Sunday,CIN,MIA
2026,5,2026-10-11,Sunday,LV,NE
2026,5,2026-10-11,Sunday,MIN,NO
2026,5,2026-10-11,Sunday,CLE,NYJ
2026,5,2026-10-11,Sunday,IND,PIT
2026,5,2026-10-11,Sunday,HOU,TEN
2026,5,2026-10-11,Sunday,NYG,WAS
2026,5,2026-10-11,Sunday,DEN,LAC
2026,5,2026-10-11,Sunday,DET,ARI
2026,5,2026-10-11,Sunday,CHI,GB
2026,5,2026-10-11,Sunday,SF,SEA
2026,5,2026-10-11,Sunday,BAL,ATL
2026,5,2026-10-12,Monday,BUF,LA
2026,6,2026-10-15,Thursday,SEA,DEN
2026,6,2026-10-18,Sunday,HOU,JAX
2026,6,2026-10-18,Sunday,CHI,ATL
2026,6,2026-10-18,Sunday,BAL,CLE
2026,6,2026-10-18,Sunday,TEN,IND
2026,6,2026-10-18,Sunday,NYJ,NE
2026,6,2026-10-18,Sunday,NO,NYG
2026,6,2026-10-18,Sunday,CAR,PHI
2026,6,2026-10-18,Sunday,PIT,TB
2026,6,2026-10-18,Sunday,ARI,LA
2026,6,2026-10-18,Sunday,LAC,KC
2026,6,2026-10-18,Sunday,BUF,LV
2026,6,2026-10-18,Sunday,DAL,GB
2026,6,2026-10-19,Monday,WAS,SF
2026,7,2026-10-22,Thursday,NE,CHI
2026,7,2026-10-25,Sunday,PIT,NO
2026,7,2026-10-25,Sunday,SF,ATL
2026,7,2026-10-25,Sunday,CIN,BAL
2026,7,2026-10-25,Sunday,TB,CAR
2026,7,2026-10-25,Sunday,NYG,HOU
2026,7,2026-10-25,Sunday,IND,MIN
2026,7,2026-10-25,Sunday,MIA,NYJ
2026,7,2026-10-25,Sunday,CLE,TEN
2026,7,2026-10-25,Sunday,DEN,ARI
2026,7,2026-10-25,Sunday,GB,DET
2026,7,2026-10-25,Sunday,LA,LV
2026,7,2026-10-25,Sunday,KC,SEA
2026,7,2026-10-26,Monday,DAL,PHI
2026,8,2026-10-29,Thursday,CAR,GB
2026,8,2026-11-01,Sunday,BAL,BUF
2026,8,2026-11-01,Sunday,TEN,CIN
2026,8,2026-11-01,Sunday,ARI,DAL
2026,8,2026-11-01,Sunday,MIN,DET
2026,8,2026-11-01,Sunday,IND,JAX
2026,8,2026-11-01,Sunday,LV,NYJ
2026,8,2026-11-01,Sunday,CLE,PIT
2026,8,2026-11-01,Sunday,ATL,TB
2026,8,2026-11-01,Sunday,LAC,LA
2026,8,2026-11-01,Sunday,KC,DEN
2026,8,2026-11-01,Sunday,NE,MIA
2026,8,2026-11-01,Sunday,PHI,WAS
2026,8,2026-11-02,Monday,CHI,SEA
2026,9,2026-11-05,Thursday,JAX,BAL
2026,9,2026-11-08,Sunday,CIN,ATL
2026,9,2026-11-08,Sunday,DEN,CAR
2026,9,2026-11-08,Sunday,DAL,IND
2026,9,2026-11-08,Sunday,NYJ,KC
2026,9,2026-11-08,Sunday,DET,MIA
2026,9,2026-11-08,Sunday,CLE,NO
2026,9,2026-11-08,Sunday,NYG,PHI
2026,9,2026-11-08,Sunday,LA,WAS
2026,9,2026-11-08,Sunday,HOU,LAC
2026,9,2026-11-08,Sunday,LV,SF
2026,9,2026-11-08,Sunday,GB,NE
2026,9,2026-11-08,Sunday,ARI,SEA
2026,9,2026-11-08,Sunday,TB,CHI
2026,9,2026-11-09,Monday,BUF,MIN
2026,10,2026-11-12,Thursday,WAS,NYG
2026,10,2026-11-15,Sunday,NE,DET
2026,10,2026-11-15,Sunday,KC,ATL
2026,10,2026-11-15,Sunday,HOU,CLE
2026,10,2026-11-15,Sunday,MIN,GB
2026,10,2026-11-15,Sunday,MIA,IND
2026,10,2026-11-15,Sunday,CAR,NO
2026,10,2026-11-15,Sunday,BUF,NYJ
2026,10,2026-11-15,Sunday,JAX,TEN
2026,10,2026-11-15,Sunday,LA,ARI
2026,10,2026-11-15,Sunday,SEA,LV
2026,10,2026-11-15,Sunday,SF,DAL
2026,10,2026-11-15,Sunday,PIT,CIN
2026,10,2026-11-16,Monday,LAC,BAL
2026,11,2026-11-19,Thursday,IND,HOU
2026,11,2026-11-22,Sunday,MIA,BUF
2026,11,2026-11-22,Sunday,BAL,CAR
2026,11,2026-11-22,Sunday,NO,CHI
2026,11,2026-11-22,Sunday,TEN,DAL
2026,11,2026-11-22,Sunday,TB,DET
2026,11,2026-11-22,Sunday,ARI,KC
2026,11,2026-11-22,Sunday,JAX,NYG
2026,11,2026-11-22,Sunday,NYJ,LAC
2026,11,2026-11-22,Sunday,LV,DEN
2026,11,2026-11-22,Sunday,PIT,PHI
2026,11,2026-11-22,Sunday,MIN,SF
2026,11,2026-11-23,Monday,CIN,WAS
2026,12,2026-11-25,Wednesday,GB,LA
2026,12,2026-11-26,Thursday,CHI,DET
2026,12,2026-11-26,Thursday,PHI,DAL
2026,12,2026-11-26,Thursday,KC,BUF
2026,12,2026-11-27,Friday,DEN,PIT
2026,12,2026-11-29,Sunday,NO,CIN
2026,12,2026-11-29,Sunday,LV,CLE
2026,12,2026-11-29,Sunday,BAL,HOU
2026,12,2026-11-29,Sunday,NYG,IND
2026,12,2026-11-29,Sunday,NYJ,MIA
2026,12,2026-11-29,Sunday,ATL,MIN
2026,12,2026-11-29,Sunday,TEN,JAX
2026,12,2026-11-29,Sunday,WAS,ARI
2026,12,2026-11-29,Sunday,SEA,SF
2026,12,2026-11-29,Sunday,NE,LAC
2026,12,2026-11-30,Monday,CAR,TB
2026,13,2026-12-03,Thursday,KC,LA
2026,13,2026-12-06,Sunday,DET,ATL
2026,13,2026-12-06,Sunday,JAX,CHI
2026,13,2026-12-06,Sunday,CIN,CLE
2026,13,2026-12-06,Sunday,GB,NO
2026,13,2026-12-06,Sunday,SF,NYG
2026,13,2026-12-06,Sunday,LAC,TB
2026,13,2026-12-06,Sunday,WAS,TEN
2026,13,2026-12-06,Sunday,PHI,ARI
2026,13,2026-12-06,Sunday,MIA,DEN
2026,13,2026-12-06,Sunday,CAR,MIN
2026,13,2026-12-06,Sunday,BUF,NE
2026,13,2026-12-06,Sunday,HOU,PIT
2026,13,2026-12-07,Monday,DAL,SEA
2026,14,2026-12-10,Thursday,MIN,NE
2026,14,2026-12-13,Sunday,TB,BAL
2026,14,2026-12-13,Sunday,NO,CAR
2026,14,2026-12-13,Sunday,ATL,CLE
2026,14,2026-12-13,Sunday,TEN,DET
2026,14,2026-12-13,Sunday,CHI,MIA
2026,14,2026-12-13,Sunday,DEN,NYJ
2026,14,2026-12-13,Sunday,IND,PHI
2026,14,2026-12-13,Sunday,HOU,WAS
2026,14,2026-12-13,Sunday,LAC,LV
2026,14,2026-12-13,Sunday,KC,CIN
2026,14,2026-12-13,Sunday,NYG,SEA
2026,14,2026-12-13,Sunday,LA,SF
2026,14,2026-12-13,Sunday,BUF,GB
2026,14,2026-12-14,Monday,PIT,JAX
2026,15,2026-12-17,Thursday,SF,LAC
2026,15,2026-12-19,Saturday,SEA,PHI
2026,15,2026-12-19,Saturday,CHI,BUF
2026,15,2026-12-20,Sunday,CIN,CAR
2026,15,2026-12-20,Sunday,MIA,GB
2026,15,2026-12-20,Sunday,JAX,HOU
2026,15,2026-12-20,Sunday,CLE,NYG
2026,15,2026-12-20,Sunday,BAL,PIT
2026,15,2026-12-20,Sunday,NO,TB
2026,15,2026-12-20,Sunday,IND,TEN
2026,15,2026-12-20,Sunday,ATL,WAS
2026,15,2026-12-20,Sunday,NYJ,ARI
2026,15,2026-12-20,Sunday,DAL,LA
2026,15,2026-12-20,Sunday,DEN,LV
2026,15,2026-12-20,Sunday,DET,MIN
2026,15,2026-12-21,Monday,NE,KC
2026,16,2026-12-24,Thursday,HOU,PHI
2026,16,2026-12-25,Friday,GB,CHI
2026,16,2026-12-25,Friday,BUF,DEN
2026,16,2026-12-25,Friday,LA,SEA
2026,16,2026-12-27,Sunday,TB,ATL
2026,16,2026-12-27,Sunday,CLE,BAL
2026,16,2026-12-27,Sunday,CIN,IND
2026,16,2026-12-27,Sunday,LAC,MIA
2026,16,2026-12-27,Sunday,WAS,MIN
2026,16,2026-12-27,Sunday,ARI,NO
2026,16,2026-12-27,Sunday,NE,NYJ
2026,16,2026-12-27,Sunday,CAR,PIT
2026,16,2026-12-27,Sunday,TEN,LV
2026,16,2026-12-27,Sunday,SF,KC
2026,16,2026-12-27,Sunday,JAX,DAL
2026,16,2026-12-28,Monday,NYG,DET
2026,17,2026-12-31,Thursday,BAL,CIN
2026,17,2027-01-03,Sunday,NO,ATL
2026,17,2027-01-03,Sunday,SEA,CAR
2026,17,2027-01-03,Sunday,IND,CLE
2026,17,2027-01-03,Sunday,NYG,DAL
2026,17,2027-01-03,Sunday,WAS,JAX
2026,17,2027-01-03,Sunday,KC,LAC
2026,17,2027-01-03,Sunday,BUF,MIA
2026,17,2027-01-03,Sunday,DEN,NE
2026,17,2027-01-03,Sunday,MIN,NYJ
2026,17,2027-01-03,Sunday,LA,TB
2026,17,2027-01-03,Sunday,PIT,TEN
2026,17,2027-01-03,Sunday,LV,ARI
2026,17,2027-01-03,Sunday,DET,CHI
2026,17,2027-01-03,Sunday,PHI,SF
2026,17,2027-01-04,Monday,HOU,GB
2026,18,2027-01-10,Sunday,SF,ARI
2026,18,2027-01-10,Sunday,PIT,BAL
2026,18,2027-01-10,Sunday,NYJ,BUF
2026,18,2027-01-10,Sunday,ATL,CAR
2026,18,2027-01-10,Sunday,CLE,CIN
2026,18,2027-01-10,Sunday,LAC,DEN
2026,18,2027-01-10,Sunday,DET,GB
2026,18,2027-01-10,Sunday,TEN,HOU
2026,18,2027-01-10,Sunday,JAX,IND
2026,18,2027-01-10,Sunday,LV,KC
2026,18,2027-01-10,Sunday,SEA,LA
2026,18,2027-01-10,Sunday,CHI,MIN
2026,18,2027-01-10,Sunday,MIA,NE
2026,18,2027-01-10,Sunday,TB,NO
2026,18,2027-01-10,Sunday,PHI,NYG
2026,18,2027-01-10,Sunday,DAL,WAS
